code_parcelle;temp_moy_an;mean_diurnal_range;isotherm;temp_season;max_temp_warmest_m;min_temp_coldest_m;temp_range_an;temp_wettest_Q;temp_driest_Q;temp_warmest_Q;temp_coldest_Q;precip_an;precip_wettest_m;precip_driest_m;precip_season;precip_wettest_Q;precip_driest_Q;precip_warmest_Q;precip_coldest_Q;Bulk_density;CEC;Clay_content;Nitrogen;Ph_h2o;Sand_content;Silt_content;Soil_organic_carbon_content
12ENICA08001;107;71;307;5664;235;3;232;49;87;187;33;748;72;51;9;212;162;187;198;140;226;293;350;79;117;587;242
12ENICA08002;96;71;305;5672;224;-8;232;38;114;176;22;1056;112;71;13;323;229;246;263;130;225;232;410;68;164;548;353
12ENICA08003;109;71;307;5644;237;6;231;52;90;189;36;693;67;47;9;198;150;175;185;140;226;301;300;72;122;490;286
12ENICA08004;109;71;306;5669;238;6;232;51;90;189;35;700;68;47;9;201;150;176;186;136;202;258;270;72;127;529;305
12ENICA10001;113;73;306;5816;245;7;239;165;93;195;37;638;61;42;10;177;133;167;165;137;180;243;276;77;229;458;198
12ENICA10002;112;73;307;5809;245;6;239;52;92;195;36;653;63;44;9;181;139;165;175;140;201;248;300;74;175;535;300
12ENICA10003;111;73;309;5752;243;6;237;162;91;193;36;641;60;43;9;179;134;160;168;139;180;246;280;77;198;542;222
12ENICA10004;110;73;301;5949;245;2;242;48;91;194;32;674;69;43;12;197;134;172;185;136;180;291;242;74;68;594;337
12ENICA10005;110;73;305;5854;244;4;240;50;91;194;34;643;65;42;11;185;133;165;171;140;210;303;270;76;139;515;225
12ENICA51001;105;72;303;5831;237;-1;238;45;86;188;29;790;80;53;10;230;168;198;218;140;188;276;375;77;124;579;249
12ENICA51002;109;71;310;5571;236;6;230;52;89;188;36;676;69;44;12;197;139;187;185;131;179;176;350;70;238;442;381
12ENICA51003;111;72;303;5873;244;5;239;51;92;194;34;763;79;50;11;222;157;203;209;138;180;174;240;73;189;525;299
12ENICA51004;107;72;304;5830;240;2;238;48;88;190;31;749;75;49;11;215;154;201;201;140;202;261;400;74;164;525;249
12ENICA51005;109;71;307;5673;238;6;233;51;90;190;35;643;62;42;10;181;133;174;166;133;215;263;281;75;249;373;307
12ENICA51006;109;71;307;5673;238;6;233;51;90;190;35;643;62;42;10;181;133;174;166;133;215;263;281;75;249;373;307
12ENICA51007;105;72;309;5654;234;1;233;47;85;185;31;698;73;45;12;210;143;180;195;125;190;198;645;60;177;563;470
12ENICA51008;110;72;308;5673;240;7;233;52;91;191;37;612;63;39;12;181;124;163;167;133;183;190;375;69;228;484;314
12ENICA51009;108;72;308;5669;237;4;233;50;88;189;34;659;69;42;13;199;133;168;185;130;180;207;335;72;205;492;226
12ENICA51010;110;72;308;5678;240;7;233;52;91;191;37;600;61;39;11;176;123;160;163;133;206;248;345;73;275;381;213
12ENICA51011;103;72;308;5660;232;-1;233;45;83;184;29;768;79;50;12;228;158;204;211;134;202;234;400;73;225;418;252
12ENICA51012;111;72;307;5692;241;7;234;53;91;192;37;630;64;40;11;185;127;169;170;;;;;;;;
12ENICA52001;100;72;298;5994;235;-8;243;38;81;185;22;1021;107;63;12;306;200;266;293;140;224;308;280;68;72;562;318
12ENICA52002;106;73;301;5936;240;-1;241;44;87;190;28;859;87;56;11;246;174;230;235;140;190;318;268;73;101;500;262
12ENICA52003;107;73;301;5940;241;0;241;46;88;191;30;894;97;57;12;274;180;223;261;140;180;229;370;74;116;616;323
12ENICA52004;105;73;301;5938;240;-2;241;44;87;190;28;955;104;61;12;293;193;238;280;140;179;241;342;74;111;610;296
12ENICA52005;102;72;298;5997;237;-6;243;40;83;187;24;912;94;57;12;268;181;244;258;140;215;235;300;68;99;561;231
12ENICA52006;105;73;301;5941;240;-2;242;44;86;189;27;793;81;51;11;230;159;209;219;136;180;294;400;75;113;570;371
14170CA1401;113;54;292;4629;214;29;185;69;90;180;53;727;76;47;15;228;148;165;167;133;210;219;300;69;173;559;293
14170CA1402;111;54;294;4606;212;27;185;97;88;178;52;650;68;42;16;202;132;141;154;140;177;180;270;70;175;558;290
14170CREPAN1401;112;53;290;4582;212;29;183;99;89;179;53;695;73;45;16;218;141;155;162;130;193;191;356;69;133;598;299
14170CREPAN1402;112;53;289;4566;211;29;182;98;88;178;53;660;68;43;15;204;135;147;154;131;198;181;290;69;135;617;314
14170CREPAN1403;112;53;289;4566;211;29;182;98;88;178;53;660;68;43;15;204;135;147;154;130;202;211;335;68;148;612;300
14170CREPAN1404;113;53;290;4581;212;29;183;99;90;179;54;657;69;42;16;206;132;147;154;130;208;189;350;69;148;583;340
14170CREPAN1405;112;53;290;4583;212;29;183;98;89;178;53;676;71;44;15;212;138;150;158;133;192;216;300;69;147;574;290
14170CREPAN1406;111;51;284;4531;209;29;180;98;88;177;53;678;71;44;15;212;138;150;160;131;197;155;400;65;125;681;412
14170CREPAN1407;111;51;284;4531;209;29;180;98;88;177;53;678;71;44;15;212;138;150;160;136;202;153;330;66;134;659;384
14170CREPAN1408;112;51;285;4540;210;30;180;99;89;178;54;652;69;42;16;206;132;143;154;131;211;201;345;69;137;617;410
14355AGRIAL01;110;52;287;4540;209;28;181;97;87;176;52;679;71;44;15;211;138;147;163;131;211;129;350;64;102;720;366
14355AGRIAL02;109;51;285;4525;207;27;180;96;86;174;50;709;74;46;14;219;144;157;169;137;178;186;240;69;134;625;291
14680_CREPAN14_09;111;49;278;4454;206;31;175;99;88;176;54;708;76;46;15;222;145;155;173;125;211;160;358;58;139;648;343
14ENICA08005;108;71;306;5659;236;5;232;51;89;188;34;763;75;52;9;221;166;187;207;140;208;403;400;73;95;472;195
14ENICA51013;111;72;308;5674;241;7;233;53;91;192;37;602;62;39;12;178;123;160;164;134;183;206;340;70;264;444;266
15ENICA51014;110;72;308;5673;240;7;233;53;91;191;37;543;53;36;11;152;111;150;141;134;199;171;400;72;226;534;235
16ENICA10006;111;73;304;5861;244;4;240;51;91;194;35;636;64;41;11;183;130;163;170;140;229;291;300;75;147;522;200
27044CA2704;105;70;324;5127;225;9;216;54;84;179;39;747;78;49;13;227;153;179;175;140;188;155;325;71;121;664;175
27044_CA27_02;106;70;324;5129;225;9;216;55;85;180;40;745;78;49;13;227;153;179;173;138;185;159;316;71;114;652;205
27044_CA27_03;104;69;322;5075;221;8;213;54;83;177;38;751;83;49;15;240;153;174;180;140;187;149;300;72;112;698;189
27079LEGTAChambray01;106;71;327;5152;226;8;218;54;84;180;40;670;67;45;12;199;139;148;163;134;180;129;314;70;154;682;248
27079LEGTAChambray02;106;71;327;5132;226;9;217;54;84;180;40;657;66;44;12;196;136;145;159;134;188;143;300;68;131;692;235
27079LEGTAChambray03;102;71;329;5126;223;6;217;51;81;176;37;665;69;45;14;204;140;144;167;140;189;164;334;64;192;616;248
27079LEGTAChambray04;106;71;327;5135;226;9;217;54;84;180;40;654;65;44;12;193;136;145;159;134;196;129;276;68;154;677;208
27080CA2705;107;70;325;5097;225;10;215;56;85;180;41;683;68;47;11;200;144;158;161;137;196;139;320;68;113;717;179
27080_CA27_01;107;72;326;5206;229;9;220;55;86;182;40;706;70;48;11;206;147;170;163;137;180;110;300;70;161;647;190
27223cerfrancenm01;106;59;305;4758;212;17;195;60;83;175;44;837;89;53;17;266;167;180;205;136;208;130;340;70;101;766;282
3601;122;73;318;5531;251;21;230;65;196;202;51;740;75;52;13;222;158;160;203;134;200;147;200;66;432;362;239
3602;119;73;312;5670;251;16;234;61;98;201;46;713;71;52;10;199;157;167;192;140;195;292;300;72;135;451;244
3603;120;73;313;5656;251;17;234;61;98;201;47;734;74;54;10;203;163;171;195;140;178;148;341;70;448;300;270
3604;120;73;313;5623;250;17;233;61;195;201;47;777;77;58;9;216;177;182;206;139;215;165;280;68;445;344;267
3605;117;73;317;5573;246;15;232;59;95;197;45;671;66;48;11;195;147;152;182;140;212;165;417;65;230;543;325
50086CA5001;115;36;236;4043;196;45;151;81;165;174;63;859;99;53;22;294;163;167;229;123;233;185;335;62;182;600;311
50086CA5002;115;38;249;4047;197;44;154;80;165;174;62;867;103;51;25;307;157;163;227;120;235;184;488;61;206;563;375
50140CA5003;112;47;279;4242;203;35;167;73;165;173;57;922;105;59;20;312;182;188;239;123;240;147;330;60;200;612;350
50330SILEBAN01;112;21;162;3721;178;51;127;84;155;165;63;821;106;44;30;314;134;146;217;125;240;160;468;64;241;556;372
50760SILEBAN02;114;20;161;3729;181;53;127;86;158;168;65;785;101;42;30;301;128;140;208;126;228;146;400;63;249;540;342
50760SILEBAN03;115;20;160;3734;181;54;128;87;158;169;66;798;102;43;30;306;131;143;210;120;236;120;400;66;282;525;398
54112;98;73;299;6015;233;-11;243;37;80;183;20;826;84;55;10;241;174;207;230;140;190;291;275;74;128;537;281
54179;103;73;299;6085;238;-7;246;40;84;188;23;816;81;54;10;235;170;205;221;140;211;301;262;73;109;517;284
54296;104;74;299;6126;241;-6;247;41;86;190;24;735;74;49;10;215;154;177;202;140;207;410;330;74;103;455;304
54303;104;74;298;6188;242;-7;249;40;86;191;23;844;83;58;11;243;179;204;231;133;185;308;265;69;134;473;358
54466;102;73;299;6042;238;-6;244;40;84;188;23;798;82;53;11;236;167;190;228;140;227;373;280;72;112;471;310
55272;101;72;300;5956;234;-7;241;40;82;185;23;775;83;51;12;235;163;186;229;140;214;266;362;74;168;483;298
55317;101;72;300;5956;234;-7;241;40;82;185;23;775;83;51;12;235;163;186;229;140;214;266;362;74;168;483;298
55334;97;73;300;5971;231;-11;242;35;78;181;19;940;101;61;13;289;194;220;281;138;190;340;255;74;114;487;256
55373;98;72;301;5928;232;-9;241;37;79;182;20;1071;120;69;14;340;221;250;328;140;168;256;200;72;140;544;267
55473;102;72;300;5973;236;-6;242;41;83;186;24;722;77;48;11;218;152;174;211;139;211;265;300;74;139;509;295
57043;105;72;297;6067;240;-5;244;43;87;190;26;680;70;45;11;200;141;166;192;140;180;318;261;71;134;442;278
57452;105;73;297;6077;240;-5;245;43;87;190;25;756;77;50;10;221;157;189;209;138;179;316;300;68;140;451;296
57527;102;73;298;6090;238;-7;245;40;84;188;23;795;78;54;10;225;168;203;212;138;176;292;335;74;115;535;278
57578;98;73;299;6015;232;-11;243;36;79;182;19;876;90;58;10;257;184;219;246;140;193;335;360;73;107;530;293
59127ESN;104;71;319;5319;227;5;222;150;84;180;35;687;67;46;11;192;145;187;148;140;210;164;300;76;44;793;152
59237VER;107;67;315;5128;223;11;213;88;40;180;40;700;69;44;12;204;143;177;143;;;;;;;;
59244CAR;100;70;313;5404;224;0;224;46;80;177;30;817;79;55;10;236;178;209;186;140;184;247;360;63;83;635;291
59249FRO;107;67;316;5099;224;12;212;89;41;181;41;706;71;45;13;209;146;178;146;138;200;174;245;70;127;635;232
59252MAR;106;70;319;5280;228;7;221;85;37;181;37;695;67;46;11;198;147;179;147;140;186;170;300;76;108;650;150
59270BAI;107;65;311;5027;220;13;207;89;85;179;41;734;78;46;15;229;150;178;153;131;226;214;281;72;175;518;254
59550LAN;101;70;315;5379;225;2;223;48;81;178;31;749;71;51;10;212;163;196;168;140;210;232;395;66;63;681;230
59550PRI;99;70;314;5388;222;-1;223;45;79;175;28;825;79;56;10;235;179;214;188;140;211;178;464;63;83;688;343
59890QUE;107;67;315;5117;223;11;212;88;40;180;40;698;70;43;13;207;141;176;141;140;226;170;200;68;181;629;223
61354CA1401;107;64;325;4714;217;19;198;61;176;176;48;931;107;59;20;311;179;179;254;129;211;146;298;61;183;624;317
61500CA6101;106;69;328;5018;223;11;212;55;84;178;42;693;74;46;15;218;144;148;202;136;218;161;307;65;185;627;333
61500CA6102;107;70;329;5040;226;12;213;56;180;180;43;666;74;43;19;217;130;130;204;135;213;182;350;64;228;540;343
62138HAI;107;68;318;5118;224;11;214;57;86;181;40;704;69;46;12;205;145;185;149;140;209;187;255;73;139;588;216
62185NIE;109;45;254;4569;204;28;176;98;62;175;48;659;80;43;21;232;131;146;140;126;215;121;340;71;174;582;248
62217NEU;105;70;321;5178;224;7;217;54;84;179;37;691;68;43;13;202;138;189;151;140;227;142;345;74;52;784;157
62220CAR;107;69;319;5176;226;10;216;87;40;181;40;691;68;44;12;201;142;180;142;;;;;;;;
62370GUE;109;49;268;4646;208;26;182;98;85;177;48;728;87;47;21;251;144;167;156;116;240;183;300;74;241;420;241
62370NOR;109;50;273;4673;209;25;184;97;85;177;48;727;85;47;19;245;144;168;157;120;240;128;350;71;146;611;290
76046DéfisRuraux01;104;55;291;4650;206;18;187;90;81;171;43;849;99;55;20;284;172;178;203;140;214;130;300;65;85;763;299
76046DéfisRuraux02;105;49;276;4536;202;22;179;93;81;171;45;843;100;54;21;288;169;174;199;131;211;129;385;66;98;762;290
76046DéfisRuraux03;105;49;276;4536;202;22;179;93;81;171;45;843;100;54;21;288;169;174;199;131;211;129;385;66;98;762;290
76046DéfisRuraux04;105;45;260;4421;197;26;171;95;81;169;47;879;103;54;22;301;169;181;208;129;224;109;237;65;89;788;330
76046DefisRurauxnew1;106;50;277;4526;202;23;179;94;82;171;46;820;96;51;22;280;160;167;198;131;211;126;350;65;90;787;350
76046DefisRurauxnew2;105;49;274;4510;201;23;178;94;81;171;46;837;97;52;21;283;163;173;201;123;226;129;400;63;77;789;366
76046DefisRurauxnew3;106;49;274;4511;202;24;178;94;82;171;47;846;99;53;21;287;165;176;202;134;216;134;255;66;90;761;278
76047CA7608;105;67;320;5029;221;10;211;56;84;178;40;742;83;47;15;240;149;179;177;140;227;155;370;68;115;693;290
76133CA7604;107;37;232;4275;193;33;160;99;82;169;51;865;102;54;22;298;168;183;200;130;196;124;271;63;133;725;290
76150CANEW03;;;;;;;;;;;;;;;;;;;;;;;;;;;
76332CA7601;103;60;305;4772;210;14;196;88;81;172;41;853;95;56;18;275;174;180;208;140;210;109;243;66;89;776;310
76332CA7602;114;64;315;4893;225;22;203;66;92;184;50;658;68;44;14;202;136;146;159;125;202;134;300;67;173;530;282
76332CA7603;113;59;304;4763;219;24;195;68;91;182;51;806;88;51;18;260;161;176;195;;;;;;;;
76332CA7605;107;41;246;4349;196;30;166;98;82;170;50;863;105;54;23;303;168;179;200;135;211;158;275;68;160;621;290
76332CA7608;105;67;320;5029;221;10;211;56;84;178;40;742;83;47;15;240;149;179;177;138;240;150;400;68;117;700;299
88183;102;73;297;6049;237;-7;244;39;83;187;22;803;84;50;12;241;159;195;234;132;224;286;268;68;145;511;319
88495;101;74;296;6184;239;-11;249;37;83;188;20;1089;113;76;12;331;237;252;319;127;209;272;330;65;74;590;375
88508;99;73;295;6137;236;-12;247;35;81;185;19;1153;119;76;11;346;239;284;325;130;224;289;403;65;87;490;349
88508_2;;;;;;;;;;;;;;;;;;;;;;;;;;;
AL001;109;72;286;6419;248;-5;253;170;92;199;25;826;83;56;12;243;171;211;216;135;180;102;290;68;228;452;300
AL002;103;73;288;6368;241;-10;252;37;86;192;20;797;82;50;13;239;157;190;218;135;204;173;295;65;166;432;330
AL003;112;73;288;6416;250;-4;254;173;57;201;27;832;92;55;16;268;165;228;188;129;190;151;227;66;189;500;340
AL004;105;74;293;6312;243;-8;251;164;87;193;22;806;77;54;11;231;165;208;207;136;182;183;204;65;217;405;292
AL005;108;74;291;6341;246;-6;252;168;90;196;24;793;80;52;14;240;158;215;191;130;184;239;281;68;209;420;322
AL006;109;74;291;6362;248;-6;253;169;55;198;25;751;80;49;17;240;148;214;164;135;241;140;300;67;162;501;302
AL007;113;75;293;6388;253;-5;258;173;30;202;29;742;77;45;18;229;137;224;157;130;199;204;174;75;299;332;279
AL008;110;74;292;6359;249;-5;254;170;28;199;26;746;83;47;20;243;141;220;153;133;244;217;300;72;177;457;318
AL009;108;74;293;6337;246;-7;254;168;26;196;24;692;75;46;17;221;138;200;148;130;210;227;234;67;122;575;330
AL010;106;75;294;6323;245;-9;254;166;52;194;23;729;77;49;15;223;147;208;164;125;182;151;240;67;220;499;301
AL011;107;73;287;6396;245;-8;252;40;90;196;22;843;87;54;13;253;169;202;233;139;184;135;254;65;276;347;307
AL012;108;75;293;6332;247;-7;254;168;54;197;25;731;76;49;15;222;147;206;168;133;192;188;240;66;231;454;335
AL013;104;74;294;6310;243;-10;252;164;87;192;21;770;79;53;14;235;159;212;181;138;202;185;205;70;135;540;267
AL014;102;75;294;6299;241;-13;253;162;84;190;19;787;77;54;12;223;162;209;196;132;181;210;180;68;207;440;302
AL015;112;75;293;6360;251;-4;255;172;30;201;29;767;83;46;20;245;142;237;163;135;179;190;200;72;294;412;320
AL016;112;75;292;6359;251;-4;255;172;30;201;28;766;83;46;20;245;142;237;162;129;180;190;219;70;265;424;325
AL017;113;75;292;6383;252;-5;257;173;30;202;29;712;79;40;23;235;122;227;139;135;196;218;205;67;214;404;410
AL018;113;75;293;6384;252;-5;257;173;30;202;29;728;78;42;21;234;128;228;147;129;180;250;169;72;310;327;330
AL019;109;75;293;6332;248;-7;255;42;91;197;26;841;86;57;12;246;172;226;222;134;196;235;268;67;181;473;270
AL020;112;75;293;6347;252;-4;256;201;59;201;29;756;73;51;13;214;155;214;191;131;206;233;300;72;156;546;221
AL021;110;75;294;6338;249;-8;257;43;91;198;26;1076;114;73;12;324;226;284;300;136;189;242;200;70;125;540;304
AL023;113;75;293;6362;252;-4;256;173;59;201;29;807;83;50;17;243;154;243;184;133;211;272;222;69;164;436;291
AL025;;;;;;;;;;;;;;;;;;;;;;;;;;;
AQ001;130;77;329;5485;260;25;234;72;202;208;58;765;78;54;11;228;165;176;216;137;202;191;300;75;259;370;325
AQ002;128;77;328;5475;257;24;234;70;200;206;56;852;90;57;14;263;174;189;248;132;206;181;243;76;288;427;341
AQ004;133;78;329;5529;264;27;238;75;87;212;61;785;75;57;8;219;174;190;209;132;198;284;360;70;223;411;379
AQ005;133;79;335;5441;262;27;235;75;205;211;62;833;89;53;14;261;165;179;241;138;214;94;297;70;379;309;343
AQ006;134;77;326;5520;264;28;235;75;207;213;61;733;77;45;14;224;141;151;213;137;215;132;260;73;319;432;350
AQ007;137;77;339;5263;262;34;228;82;206;212;68;864;99;47;20;292;150;165;265;133;208;134;302;68;371;314;328
AQ008;133;79;337;5383;261;28;233;76;204;210;63;848;92;53;15;271;166;185;246;140;214;138;302;67;357;361;322
AQ009;135;78;338;5359;262;31;232;78;206;212;65;835;91;52;15;269;163;182;241;142;216;78;210;67;434;241;309
AQ010;137;72;332;5096;255;38;217;84;203;210;71;803;95;45;23;283;142;157;245;133;219;87;300;68;455;279;330
AQ011;138;78;341;5278;264;34;229;83;207;214;69;881;95;53;16;281;169;181;259;130;202;100;300;68;348;315;343
AQ012;139;82;347;5364;269;32;237;82;209;216;69;1067;110;56;17;329;186;200;312;110;211;173;335;57;290;488;335
AQ013;132;79;334;5459;262;26;236;74;204;210;61;838;88;53;14;258;165;179;242;138;216;149;300;71;372;376;325
AQ014;137;79;332;5494;267;31;236;79;210;216;65;715;78;41;18;228;129;139;214;135;218;171;316;71;276;320;330
AQ015;136;80;344;5289;263;31;232;80;205;212;67;919;97;53;17;289;171;181;271;124;202;71;307;56;544;87;327
AQ016;135;80;342;5337;262;29;233;78;204;211;65;869;93;51;16;274;164;175;255;138;208;91;402;58;488;226;346
AQ017;139;72;335;5039;257;41;216;87;204;212;74;984;111;55;20;325;175;185;295;122;222;76;322;52;681;67;324
AQ018;138;80;337;5470;269;31;238;80;210;217;67;818;88;48;16;256;154;162;242;135;212;114;305;72;317;414;360
AQ019;139;74;335;5157;259;38;221;85;206;212;72;792;90;46;19;267;146;160;236;;;;;;;;
AQ020;134;80;334;5508;266;27;239;76;207;213;62;832;86;51;14;250;165;171;238;140;177;251;220;75;287;376;360
AQ021;134;80;334;5505;265;26;239;75;206;212;61;844;86;53;13;251;170;177;238;144;206;261;280;74;261;415;361
AQ022;137;65;318;4905;247;44;203;87;200;207;74;880;103;47;23;306;151;167;273;135;211;53;292;68;512;106;300
AQ023;136;82;338;5521;268;27;241;147;215;215;64;796;82;51;13;234;167;167;220;140;195;232;275;71;188;502;334
AQ024;136;67;323;4989;250;41;209;85;201;208;72;765;92;42;24;275;133;148;236;135;246;57;312;68;682;145;365
AQ025;134;79;339;5378;262;28;234;77;204;211;63;876;95;53;16;279;167;183;257;142;217;195;435;61;312;336;350
AQ026;137;84;347;5485;272;28;243;80;209;217;66;1167;123;61;18;361;205;209;347;123;198;167;320;55;254;561;400
AQ027;144;78;345;5160;268;41;227;90;210;218;77;1315;155;61;22;437;205;231;387;117;177;197;400;59;299;457;430
AQ028;137;83;347;5395;268;29;239;80;208;215;67;1018;100;59;14;299;193;207;286;112;211;178;366;55;208;603;346
AQ029;145;82;348;5317;274;39;235;89;214;221;76;1014;110;53;18;318;174;187;292;119;184;167;360;57;267;476;359
AQ030;140;67;324;4904;252;45;206;90;203;210;77;1083;124;58;21;360;186;198;328;117;255;80;360;56;631;182;374
AQ031;145;75;341;5095;266;44;222;92;211;219;79;1199;136;59;20;386;196;221;351;120;179;92;380;55;379;387;439
AQ032;144;81;346;5306;272;38;234;88;213;220;75;909;94;47;18;280;156;169;265;117;216;148;360;56;453;318;400
AQ033;136;78;338;5354;263;31;232;79;206;212;65;827;91;51;16;269;160;179;241;139;214;77;202;70;464;215;338
AQ034;133;78;340;5277;258;30;229;78;202;209;64;925;104;53;19;307;168;185;278;141;214;94;342;67;323;420;329
AQ035;136;71;329;5073;253;39;214;84;202;209;71;778;93;45;23;277;141;157;237;135;214;201;352;72;241;346;410
AQ036;136;80;337;5455;266;29;237;78;208;214;65;804;83;52;13;244;164;174;229;142;213;105;430;68;255;428;327
AQ037;135;70;328;5060;252;38;213;83;201;208;70;785;94;45;23;280;141;155;242;135;258;256;282;72;174;354;459
AQ038;127;75;319;5558;258;23;235;68;201;206;54;872;96;50;17;278;160;172;266;133;208;179;512;58;409;308;420
AQ039;136;67;323;4989;249;41;209;85;201;208;72;776;93;43;24;278;136;151;239;135;246;57;312;68;682;145;365
AQ040;131;79;331;5507;262;24;237;72;203;210;59;888;90;59;11;261;186;197;248;140;194;250;293;70;272;383;360
AQ041;140;84;348;5440;273;32;241;83;212;219;70;1196;132;52;24;390;180;182;372;114;179;213;350;55;264;480;371
AQ042;;;;;;;;;;;;;;;;;;;;;;;;;;;
AUV151;95;78;314;5858;236;-13;249;35;175;181;20;1488;163;85;17;468;274;291;445;128;213;236;307;60;369;381;415
AUV152;101;78;313;5882;242;-8;250;40;181;187;26;1223;133;63;20;388;205;219;361;133;262;224;318;59;436;319;442
AUV153;99;78;315;5823;238;-9;248;39;178;184;24;1416;152;79;17;439;255;271;418;110;213;185;574;58;414;344;442
AUV154;114;78;314;5869;254;5;249;53;193;199;38;1266;134;72;15;384;234;252;368;131;213;195;295;62;387;334;375
AUV431;78;78;307;6053;222;-34;256;90;2;166;0;908;100;56;17;277;172;242;189;125;224;162;300;63;404;326;430
AUV432;85;79;305;6101;230;-28;257;98;9;174;7;836;89;51;16;247;158;217;177;127;205;171;305;61;416;326;362
AUV433;83;78;306;6068;227;-29;256;96;8;171;6;784;87;47;17;241;145;208;160;125;233;181;254;60;430;293;350
AUV434;88;78;306;6062;232;-24;255;101;12;176;10;909;103;56;18;283;170;251;188;120;213;190;265;60;446;272;330
AUV631;117;76;308;5945;256;8;248;169;66;202;40;738;91;42;24;249;128;212;145;136;208;363;209;74;273;332;213
AUV632;113;77;307;5987;253;3;250;166;37;199;36;844;102;46;25;286;141;264;158;135;220;259;220;74;340;284;241
AUV633;110;77;308;5981;251;0;251;124;35;196;33;778;93;42;22;249;133;213;159;137;210;235;235;65;453;230;266
AUV634;110;77;308;5981;251;0;251;124;35;196;33;778;93;42;22;249;133;213;159;137;210;235;235;65;453;230;266
BIG;169;30;164;5268;268;88;180;156;238;249;103;603;86;10;45;244;45;56;181;138;235;270;190;74;277;304;412
BIG2;169;30;165;5266;268;87;180;156;237;249;102;614;89;10;46;251;45;54;186;138;230;255;190;73;328;292;400
BLEAGE1;118;59;322;4323;217;35;183;77;174;180;62;840;100;47;27;297;143;149;234;122;214;150;366;59;239;547;374
BLEAGE2;118;64;328;4577;225;31;194;74;178;184;60;716;77;47;18;231;145;147;182;125;184;151;400;57;227;595;311
BLEAGU1;115;50;292;4215;207;37;170;77;169;176;61;680;77;39;22;227;123;125;180;130;202;116;345;63;146;722;318
BLEBNE1;115;40;276;3649;193;49;144;84;161;169;69;1182;150;62;30;438;190;200;356;114;250;211;470;59;242;522;434
BLECBO1;121;60;319;4436;224;37;187;79;179;185;65;765;90;42;26;266;128;132;215;120;236;178;262;58;280;545;328
BLEJKE1;119;29;229;3395;187;61;126;93;162;170;76;980;125;46;32;363;141;158;300;110;230;170;560;58;274;496;430
BLEJPT1;114;36;259;3628;189;49;140;84;159;167;68;1021;131;52;33;386;158;165;307;115;248;180;375;58;258;533;452
BLEMLA2;116;50;294;4225;208;38;171;77;170;177;62;678;76;39;22;226;122;125;180;126;211;136;320;61;184;631;349
BLEPLA1;117;60;323;4352;218;33;185;76;174;180;61;883;106;49;26;312;150;155;245;122;224;171;330;61;236;568;341
BLERJO1;116;58;317;4394;217;33;184;75;174;180;60;718;80;42;21;239;132;134;190;116;211;171;375;60;183;617;386
BOURG01VI;112;74;306;5868;246;5;241;51;92;196;36;733;72;50;10;207;154;183;196;140;188;217;252;76;176;570;255
BOURG02VI;113;74;305;5876;248;6;241;52;93;197;36;693;69;47;10;199;145;168;189;133;194;277;295;74;134;491;305
BOURG03VI;114;74;305;5889;248;7;242;53;94;198;37;627;62;43;10;178;132;151;170;136;205;256;273;72;168;429;301
BOURG04VI;116;73;294;6139;255;5;250;88;65;203;36;710;71;47;13;211;143;179;181;137;206;197;200;67;126;592;236
BOURG05VI;115;73;293;6133;253;4;250;86;63;202;34;693;72;45;15;214;136;172;177;133;194;265;217;68;101;546;341
BOURG06VI;114;73;294;6125;252;2;249;85;62;200;33;700;73;46;15;217;138;173;180;134;174;262;243;68;139;490;350
BOURG07VI;116;74;295;6147;255;4;252;87;64;203;35;719;74;49;13;220;147;180;181;136;189;194;232;62;318;430;307
BOURG08VI;115;74;294;6138;254;4;251;87;64;202;35;707;71;47;13;209;141;185;174;138;180;181;205;66;243;446;320
BOURG09VI;110;74;295;6123;249;-1;251;82;59;197;30;882;91;59;14;271;177;219;224;130;198;148;335;64;390;329;360
BOURG10MA;122;74;291;6263;262;7;255;93;68;210;39;973;97;67;12;285;201;249;237;128;254;245;332;60;154;523;390
BOURG11MA;120;74;292;6226;260;6;254;91;67;208;38;879;88;58;13;259;174;232;207;132;182;172;224;65;200;541;361
BOURG12MA;124;75;294;6235;265;9;255;95;71;212;42;808;85;53;14;252;160;202;196;;;;;;;;
BOURG13MA;119;73;291;6206;258;6;252;176;67;207;38;804;78;50;14;228;156;228;184;133;208;169;270;66;195;561;346
BOURG14MA;119;74;292;6214;259;6;253;91;67;207;38;874;85;56;13;249;170;241;200;133;215;174;251;65;252;441;328
BOURG15MA;118;73;292;6173;256;5;251;89;66;205;37;794;78;50;14;226;154;216;189;133;211;144;295;66;120;686;319
BOURG16BH;117;73;291;6172;255;5;250;173;65;204;36;798;80;50;15;230;156;228;187;137;183;183;200;67;117;642;261
BOURG17BH;116;73;292;6150;254;4;250;172;64;202;35;802;80;51;14;226;157;221;196;135;180;291;210;72;115;576;296
BOURG18BH;115;73;292;6147;253;4;250;87;63;202;35;760;76;49;14;215;149;204;188;140;210;319;185;70;129;510;222
BOURG19BH;113;73;293;6128;251;2;249;84;61;199;32;683;67;44;14;197;134;181;170;;;;;;;;
BOURG20BH;116;73;292;6148;254;4;250;87;64;203;35;745;74;48;14;212;146;201;183;137;195;287;250;69;111;575;267
BOURG21BH;107;73;301;5948;243;0;243;46;88;192;30;888;90;59;11;259;183;215;248;131;180;361;355;71;66;549;350
BOURG22BH;107;73;301;5954;242;-1;243;45;88;191;29;802;79;53;11;227;163;206;215;131;179;312;355;71;74;574;308
BOURG23BH;112;74;308;5841;247;6;241;52;92;196;36;754;77;53;11;222;163;178;209;135;179;263;260;73;157;521;237
BOURG24BH;114;74;309;5832;249;8;241;54;94;198;39;799;82;56;11;236;171;197;220;136;204;263;300;75;189;421;269
BOURG25BH;117;73;292;6156;255;5;250;88;65;204;36;774;76;49;14;225;151;204;190;137;198;195;246;70;129;603;307
CE38_45MC;114;74;313;5692;245;10;236;55;93;196;40;731;73;51;11;212;156;177;199;140;200;84;324;70;497;219;262
CE39_45MC;116;74;317;5607;246;13;233;58;95;197;44;639;63;46;10;176;138;146;167;134;182;224;200;74;304;344;242
CE40_37CK;119;75;325;5456;247;17;230;62;197;197;49;686;72;49;14;213;150;150;198;139;186;196;210;68;310;451;200
Centre06;118;75;328;5418;245;16;229;62;196;196;48;645;67;45;14;198;136;136;187;140;211;170;260;66;325;425;253
Centre07;114;75;330;5375;242;13;228;59;192;192;46;700;72;49;13;212;148;148;204;140;211;125;286;66;279;508;231
Centre08;119;75;324;5465;247;17;230;63;97;198;49;625;66;45;14;195;136;139;176;140;205;209;210;71;342;432;196
Centre09;119;74;323;5479;248;18;230;63;98;198;49;644;68;46;14;201;139;146;182;140;200;187;200;72;285;457;151
Centre10;119;74;323;5486;248;18;230;63;98;198;49;653;69;46;14;203;140;149;183;140;188;225;196;70;206;481;157
Centre11;117;75;331;5354;244;16;228;62;188;194;49;727;76;49;15;226;147;151;214;138;215;169;248;62;346;399;326
Centre12;121;76;332;5336;248;20;228;66;192;198;53;626;65;42;15;194;126;130;185;136;212;99;180;68;503;257;221
Centre13;117;74;320;5532;246;15;231;60;96;197;46;710;72;51;13;214;156;158;198;140;215;203;360;67;243;534;244
Centre14;114;75;324;5478;243;12;230;58;193;193;44;658;63;47;9;187;144;144;180;131;172;177;270;66;127;686;210
Centre15;112;75;325;5455;240;10;230;56;191;191;42;653;64;46;11;190;140;140;183;131;211;151;330;64;154;649;274
Centre16;114;74;322;5513;243;12;231;57;194;194;44;639;62;45;11;186;140;140;174;130;180;230;276;70;101;617;219
Centre17;113;74;322;5509;242;11;231;57;92;193;43;625;59;45;10;177;137;144;165;136;171;281;260;71;57;650;217
CENTRE181Om;118;74;311;5742;251;14;237;59;69;201;45;742;73;53;10;203;163;191;190;137;222;298;300;73;185;414;221
CENTRE182Co;118;74;311;5738;251;14;237;59;69;201;44;769;76;55;10;211;169;197;199;139;216;321;300;72;213;377;264
CENTRE183Ma;118;74;311;5744;251;14;237;58;69;201;44;764;75;54;10;211;166;196;197;137;224;322;260;73;186;371;228
CENTRE184Fa;119;74;310;5764;252;14;238;59;98;202;45;727;72;52;10;207;159;186;192;138;172;224;281;74;206;462;231
CENTRE185Le;118;74;311;5748;251;14;237;59;69;201;44;744;73;53;10;205;163;191;191;135;202;318;234;73;187;365;267
Centre29;110;74;323;5467;238;8;230;86;89;189;40;610;57;44;10;171;133;143;161;137;179;177;265;68;63;738;190
Centre30;112;74;324;5471;240;10;230;56;91;191;42;648;62;47;10;186;141;146;176;127;180;171;403;68;80;683;325
Centre31;111;74;324;5458;239;9;230;55;90;190;41;633;60;46;10;180;138;146;170;137;190;151;325;68;87;698;213
Centre32;108;74;326;5354;234;8;226;54;88;186;40;573;53;41;9;158;123;135;149;132;196;160;300;63;156;571;198
Centre33;109;74;324;5441;236;7;229;85;88;187;39;622;57;45;8;171;136;149;163;140;176;218;300;64;72;670;204
Centre34;108;74;326;5374;235;7;227;53;87;186;40;606;58;43;10;173;131;137;166;130;208;180;371;62;68;669;233
Centre35;109;74;325;5423;236;7;228;85;88;187;39;634;58;46;8;174;139;152;166;130;200;175;430;66;71;700;307
Centre36;102;75;329;5343;229;2;227;48;180;180;34;759;77;52;13;228;160;160;221;134;196;136;400;66;200;537;277
Centre37;109;74;324;5421;236;7;228;85;88;187;39;621;57;45;9;171;136;149;163;137;168;179;340;64;98;634;249
Centre41;121;76;332;5333;248;20;227;66;192;198;53;625;65;42;15;194;126;130;185;135;237;90;200;65;579;154;211
Centre42;118;74;323;5483;247;17;230;62;97;198;48;679;71;48;13;210;147;156;189;140;216;192;224;67;304;444;189
CRVI;165;34;182;5276;268;83;185;153;234;246;99;741;114;13;49;294;52;63;231;131;200;206;210;69;339;307;336
Dpt28Centre46;109;74;324;5436;236;7;229;53;88;187;39;633;58;46;8;174;139;152;166;138;171;180;345;68;75;700;200
Dpt36Centre43;116;73;312;5653;248;13;235;129;94;198;44;801;81;60;8;222;181;194;209;139;235;175;280;66;440;342;304
Dpt36Centre44;119;74;318;5553;249;17;231;62;98;200;48;651;65;46;12;193;141;148;179;135;205;201;380;66;245;490;289
Dpt36Centre45;120;73;317;5530;249;19;230;63;194;200;49;830;85;57;12;249;175;185;229;133;204;155;298;60;398;387;404
ENI_Limousin_01;115;73;313;5633;247;12;234;57;190;196;43;817;79;58;9;229;181;190;223;138;211;172;488;60;492;297;380
ENI_Limousin_02;114;74;318;5522;245;12;233;57;188;194;43;1025;110;66;13;317;209;228;306;133;240;152;425;54;515;281;427
ENI_Limousin_03;118;74;315;5575;249;15;234;60;192;198;46;938;107;53;18;309;170;187;289;134;224;152;682;54;534;252;421
ENI_Limousin_04;113;73;314;5594;244;11;233;55;188;194;41;893;90;63;10;260;197;211;246;136;210;152;494;58;532;288;409
ENI_Limousin_05;111;73;314;5597;242;9;233;53;186;192;39;995;99;69;10;286;216;231;275;135;252;160;447;58;503;289;400
ENI_Limousin_06;107;73;314;5597;238;4;234;49;182;188;35;1091;112;73;11;322;230;247;310;127;246;170;426;52;517;282;456
ENI_Limousin_07;111;73;314;5597;242;9;234;53;186;192;39;917;96;61;12;276;192;207;264;128;223;177;487;54;482;274;461
ENI_Limousin_08;110;73;314;5598;241;7;234;52;185;191;38;993;107;62;14;306;196;214;293;133;224;164;386;54;515;285;429
ENI_Limousin_09;116;73;317;5520;246;15;231;59;190;196;45;944;104;61;14;298;194;213;276;131;208;153;350;64;498;285;389
ENI_Limousin_10;114;74;317;5564;245;11;234;56;188;194;42;991;107;60;15;312;192;212;295;130;238;174;360;56;519;267;478
ENI_Limousin_11;113;74;318;5522;243;11;232;56;187;193;42;1008;108;65;13;312;207;225;300;136;244;162;401;56;486;286;381
ENI_Limousin_12;119;74;315;5590;250;16;235;61;193;199;47;934;99;61;12;286;195;213;269;136;226;184;420;57;469;268;459
FC01TORPES;113;74;291;6248;252;-1;254;48;60;201;31;1112;105;79;9;313;239;284;280;123;205;315;290;62;79;546;418
FC02OSSELLE;117;74;291;6265;256;2;254;52;64;205;35;943;91;66;10;273;202;234;241;121;194;277;324;67;88;520;411
FC03AUTHUME;114;73;291;6210;253;1;252;85;61;202;33;977;98;65;13;292;199;255;239;130;224;203;362;64;138;578;370
FC04VALAY;114;73;291;6205;252;1;251;201;34;201;33;961;94;63;13;274;197;274;230;131;208;305;394;67;140;504;370
FC05CHOYE;116;73;291;6211;254;3;251;203;63;203;34;854;82;57;12;239;175;239;208;129;199;303;400;62;104;540;370
FC06THERVAY;117;73;290;6224;255;3;252;204;64;204;35;833;81;55;13;238;167;238;194;132;205;199;304;65;116;628;364
FC07GEVRY;119;74;291;6232;258;5;253;90;66;207;37;908;89;60;12;262;186;244;217;132;213;216;292;68;139;590;386
FC08CHEMIN;120;74;291;6221;259;6;253;91;67;207;38;869;85;56;13;251;172;237;204;133;206;164;252;66;104;699;364
FC09MARNAY;116;73;291;6228;254;2;252;50;63;203;34;981;97;69;11;289;211;244;255;127;188;218;362;68;125;569;397
FC10TAVAUX;119;73;291;6219;258;5;253;90;66;207;37;896;88;57;14;260;179;245;212;133;222;223;325;63;190;530;360
FC11CITEY;116;73;290;6215;254;3;251;51;63;203;34;851;81;57;12;239;175;236;208;128;194;285;400;64;87;570;364
FC12VADANS;114;73;291;6187;252;2;251;49;62;201;33;950;91;62;13;271;194;259;236;122;214;257;466;59;141;532;415
FOL;168;31;172;5278;269;86;183;156;237;248;102;689;100;12;46;270;50;62;219;128;238;218;200;71;328;333;372
GHISO;170;39;204;5288;276;85;191;125;239;251;104;725;100;14;47;273;51;64;237;130;183;175;170;75;323;328;261
GHISO2;170;39;204;5286;276;85;191;124;239;250;103;727;101;14;46;273;52;66;235;130;184;182;192;74;327;328;291
IF07801;108;72;325;5239;231;10;221;55;87;184;41;610;59;42;11;173;128;153;138;134;196;148;347;73;212;581;195
IF07802;109;72;325;5255;232;10;221;56;88;185;42;662;68;45;13;200;139;159;152;132;205;240;400;73;186;461;223
IF07803;108;73;324;5340;233;8;225;86;88;185;40;642;64;45;11;184;137;154;148;140;196;217;300;66;172;554;179
IF09101;110;74;320;5508;238;8;231;129;62;189;39;601;56;44;8;161;132;147;154;140;171;202;281;72;52;737;196
IF09102;108;74;321;5476;236;7;229;156;60;187;38;620;58;45;8;168;135;157;155;140;170;172;300;73;180;609;200
IF09103;107;73;321;5450;234;5;228;83;86;185;37;666;62;48;9;182;145;162;173;140;180;169;320;70;163;615;239
IF09501;107;71;324;5219;228;8;220;54;86;182;39;682;68;47;11;199;145;172;157;140;172;208;300;75;216;509;200
IF09502;107;71;324;5215;229;9;220;55;86;182;40;662;66;45;11;193;139;169;151;140;180;211;344;75;178;537;191
IF09503;109;72;323;5293;232;10;222;55;88;185;41;628;62;44;10;182;135;153;144;140;215;173;376;75;194;569;195
IF_077_01;114;74;315;5636;244;10;234;56;93;195;42;662;63;46;10;186;141;160;177;140;168;181;262;75;297;356;188
IF_077_02;113;73;314;5632;243;9;234;55;92;194;41;644;62;45;10;178;138;163;169;140;168;195;300;76;273;351;241
IF_077_03;112;73;315;5609;242;9;233;54;91;193;40;658;63;46;10;182;141;167;172;137;168;194;300;70;101;607;197
IF_077_04;113;73;315;5583;242;10;232;162;93;194;41;634;61;44;10;173;135;166;165;137;174;184;270;74;251;497;192
IF_077_05;113;73;314;5591;242;10;232;55;92;193;41;666;64;46;11;186;141;177;176;137;164;196;270;70;292;400;209
IF_077_06;112;73;316;5538;241;10;230;56;92;192;41;638;61;44;10;176;136;168;168;135;172;202;400;69;217;432;301
IF_077_07;109;73;312;5606;239;6;232;52;89;190;37;671;69;44;12;196;138;180;185;137;196;181;276;68;103;697;186
IF_077_08;110;73;313;5581;239;8;231;54;90;191;38;649;67;43;13;190;134;174;179;134;196;160;366;69;161;602;198
IF_077_09;110;72;313;5584;238;7;231;53;89;190;38;669;69;44;13;195;137;183;183;134;196;207;356;68;169;575;247
IF_077_10;111;72;315;5502;238;10;229;56;91;190;40;646;65;43;11;186;134;174;175;;;;;;;;
IF_077_12;109;72;314;5497;235;7;228;187;88;187;38;710;72;46;13;204;144;204;164;138;188;241;402;71;157;516;355
IF_077_13;108;72;313;5579;237;6;231;188;88;188;36;658;66;43;13;187;134;187;176;140;195;167;400;70;120;621;247
INRA;168;33;181;5280;270;85;185;155;237;248;101;738;112;13;48;290;52;63;233;133;205;205;170;69;332;307;307
LING;167;35;188;5280;270;84;187;155;236;247;101;734;111;14;47;285;54;66;219;133;186;193;168;73;360;306;285
LR_M_34_1;153;60;268;5668;278;53;226;176;229;237;81;675;101;18;36;260;68;88;197;133;202;203;190;78;299;451;230
LR_M_34_2;153;56;256;5583;274;56;218;176;228;236;82;662;101;18;36;260;68;88;193;137;214;240;196;77;336;340;259
LR_M_66_1;137;84;324;5947;280;20;259;147;223;223;60;784;80;46;14;237;156;156;213;134;202;198;302;70;314;457;256
LR_S_30_1;142;71;284;6105;282;31;250;164;225;232;64;969;137;33;33;386;124;147;256;140;202;238;170;78;324;425;296
LR_S_66_1;158;56;256;5551;277;60;217;183;232;241;88;589;88;19;34;227;69;85;166;137;184;190;157;78;278;431;182
LR_S_66_2;158;56;257;5560;278;60;218;183;232;241;88;560;84;17;35;216;63;79;160;135;195;209;160;77;269;428;179
LR_V_11_1;135;82;318;5967;278;19;258;145;222;222;58;791;79;42;17;231;142;142;226;138;185;244;217;77;255;410;296
LR_V_11_2;135;82;318;5967;278;19;258;145;222;222;58;791;79;42;17;231;142;142;226;137;172;247;190;78;244;429;298
LR_V_11_3;153;59;265;5614;276;54;223;178;228;237;82;564;88;15;38;221;56;71;168;137;190;202;156;78;332;382;260
LR_V_30_1;146;72;284;6149;286;34;252;169;229;236;67;713;107;26;38;305;92;114;164;133;195;145;190;78;442;295;309
LR_V_30_2;145;67;276;6011;280;36;243;169;227;234;69;694;106;22;40;299;81;102;163;140;202;147;180;76;398;312;309
LR_V_30_3;152;53;246;5635;271;54;217;176;227;235;81;675;106;20;39;294;76;94;174;140;208;160;160;77;390;312;289
LR_V_30_4;142;71;284;6099;282;32;250;165;225;232;64;956;131;34;32;375;126;148;252;140;214;232;160;78;322;417;261
LR_V_34_1;150;58;260;5680;275;52;223;174;227;235;79;873;123;24;35;328;92;112;266;136;196;235;186;79;313;394;231
LR_V_34_2;149;57;258;5659;273;51;222;173;225;233;78;959;130;27;33;351;104;127;290;137;207;209;159;80;339;334;218
LR_V_34_3;149;72;295;5841;284;41;243;125;228;235;74;718;91;22;32;239;79;96;226;130;205;195;170;78;283;406;200
LR_V_34_4;146;65;278;5734;275;43;232;169;223;231;73;740;111;20;37;284;74;94;218;130;194;258;228;78;260;399;285
LR_V_34_5;144;58;259;5722;269;45;225;167;221;229;72;916;141;25;39;382;97;115;267;142;199;180;158;78;253;486;279
LR_V_34_6;152;53;246;5630;272;56;216;176;228;236;81;835;126;23;38;350;90;111;232;138;207;230;158;78;295;412;287
LR_V_66_1;158;56;256;5554;278;60;217;183;232;241;88;586;88;19;34;228;70;85;162;135;196;215;160;78;293;403;207
LR_V_66_2;157;58;263;5602;279;57;221;182;232;240;86;559;81;18;33;209;66;80;158;138;180;189;165;78;292;417;225
MAIACO1;117;65;330;4630;226;29;197;72;178;184;58;730;79;49;17;235;150;153;185;127;190;181;315;58;205;569;291
MAIADU1;116;54;312;4163;210;37;173;78;170;176;62;877;107;48;30;318;148;158;248;123;213;147;373;56;240;577;364
MAIAGE1;115;68;333;4732;227;24;203;68;177;183;55;760;86;49;21;254;148;149;196;126;209;188;486;60;150;610;362
MAIAGU1;117;51;297;4252;210;38;172;78;172;179;63;662;74;39;21;218;123;125;173;131;211;186;270;60;213;556;300
MAIAGU2;114;47;283;4140;203;38;165;77;167;174;60;748;86;44;22;252;137;142;196;122;211;138;329;63;194;631;314
MAICBR1;117;52;309;4082;209;40;169;80;170;176;64;857;105;46;30;312;146;156;243;121;238;156;286;64;213;585;329
MAIDBO1;119;62;327;4503;224;33;191;76;178;184;61;669;73;41;19;218;128;131;175;126;211;151;358;60;222;608;379
MAIISE1;117;64;329;4554;224;29;194;73;177;183;59;693;74;44;17;222;137;138;179;135;211;162;295;61;172;630;290
MAIJKE1;117;38;271;3628;194;52;142;87;163;171;71;1102;140;58;30;411;178;188;327;116;247;164;400;59;278;531;382
MAIPYD1;115;28;220;3429;182;56;126;88;157;165;71;1091;138;53;32;405;161;173;333;113;226;172;442;56;217;580;415
MAISME1;116;52;300;4243;209;36;173;77;170;177;61;677;74;41;19;222;128;131;177;129;211;183;286;63;200;585;320
MAISMO1;119;50;293;4290;212;40;172;79;95;181;64;728;79;48;17;235;148;157;177;123;213;131;300;66;170;624;310
MAITPO1;115;53;310;4106;207;37;170;78;168;174;62;929;114;50;30;340;158;170;261;120;232;172;410;58;182;599;332
MOR;165;33;177;5276;267;83;184;153;234;245;99;722;111;12;49;291;50;60;229;116;215;242;245;69;324;293;345
MP_GA_LAU_B1;134;82;324;5815;274;23;252;146;212;219;59;708;78;40;15;220;139;140;187;138;168;275;280;76;285;379;267
MP_GA_LAU_B2;140;82;326;5812;280;28;252;151;224;224;65;688;76;40;15;216;138;138;180;133;191;250;279;68;285;415;280
MP_GA_LAU_B3;135;82;324;5835;276;23;253;147;214;220;60;851;91;50;13;260;176;178;223;138;187;242;255;68;315;384;293
MP_GA_LAU_V1;137;81;323;5845;277;25;252;148;215;221;61;677;74;38;15;209;130;134;180;140;200;205;250;74;337;408;230
MP_GA_LAU_V2;129;81;321;5856;270;18;252;140;208;214;53;901;97;51;15;274;174;181;243;137;203;227;250;72;326;378;269
MP_GA_LAU_V3;136;81;321;5867;277;24;253;148;215;221;60;822;88;49;13;249;169;173;220;139;208;225;276;69;314;393;308
MP_GAR_AM_B1;137;84;330;5801;277;23;253;147;221;221;62;695;76;42;14;218;142;142;183;140;220;249;200;64;178;531;296
MP_GAR_AM_B2;137;83;330;5790;276;24;253;147;221;221;62;664;73;40;15;209;136;136;174;139;206;228;230;62;177;541;257
MP_GAR_AM_B3;138;83;329;5806;278;24;253;149;222;222;63;696;76;43;14;219;145;145;181;137;203;233;234;67;266;470;255
MP_GAR_AM_M1;136;84;325;5938;279;20;259;146;222;222;59;779;80;46;14;236;156;156;210;140;192;211;225;68;313;455;229
MP_GAR_AM_M2;134;84;325;5964;278;17;260;144;221;221;57;800;81;48;13;241;162;162;216;142;191;153;201;68;326;460;248
MP_GAR_AM_M3;135;85;323;5990;279;17;261;145;222;222;58;760;76;46;13;228;156;156;207;138;215;160;290;68;279;475;280
MP_GAR_AM_M4;136;84;327;5908;279;20;258;147;222;222;60;761;79;46;14;232;156;156;202;136;172;227;251;68;240;477;311
MP_GAR_AM_M5;134;84;331;5816;275;20;254;144;219;219;60;743;80;44;15;231;148;148;201;144;206;305;254;74;164;514;320
MP_GAR_AM_M6;137;83;330;5795;277;24;253;148;221;221;62;675;74;41;14;212;139;139;175;138;208;208;243;66;266;484;242
MP_GAR_AM_M7;137;84;330;5820;277;23;254;148;222;222;62;696;75;42;14;217;142;142;184;138;190;217;190;68;181;566;296
MP_GAR_AV_B1;134;82;334;5617;269;24;245;145;209;215;61;716;81;42;16;227;143;146;200;141;206;325;252;76;146;508;321
MP_GAR_AV_B2;136;82;334;5632;271;26;246;147;210;217;63;618;70;34;18;196;116;118;176;143;168;289;247;77;156;531;329
MP_GAR_AV_B3;139;81;331;5635;274;29;245;151;91;220;66;641;70;45;12;195;137;153;165;142;248;211;292;72;223;502;357
MP_GAR_AV_S1;137;83;327;5836;277;23;254;148;221;221;61;755;81;45;14;234;153;153;196;135;209;225;204;68;322;418;241
MP_GAR_AV_S2;138;83;328;5787;278;26;252;150;222;222;63;732;81;44;14;230;150;150;189;137;204;246;253;72;320;400;221
MP_GAR_AV_S3;139;83;329;5775;278;27;251;151;223;223;65;612;68;38;14;193;128;128;155;133;194;230;233;72;316;424;200
MP_GASC_AD_M1;136;85;342;5607;273;25;248;146;217;217;64;927;98;56;16;284;180;180;266;132;194;172;349;62;268;546;400
MP_GASC_AD_M2;125;86;344;5611;262;13;249;66;206;206;52;1133;117;65;17;341;211;211;333;132;210;260;326;57;236;470;428
MP_GASC_AD_M3;132;85;340;5660;269;20;249;141;214;214;59;919;99;55;17;285;175;175;266;133;203;203;280;61;228;534;375
MP_GASC_AD_M4;132;85;343;5628;269;20;249;73;214;214;59;905;96;51;18;278;165;165;272;129;206;239;285;60;232;503;329
MP_GASC_AD_M5;137;83;345;5426;269;30;239;80;209;215;67;943;100;50;18;293;166;170;284;123;206;110;374;58;421;409;306
MP_GASC_AD_M6;137;83;345;5431;268;29;240;80;208;215;66;950;100;50;18;293;167;172;286;123;206;122;330;58;399;412;294
MP_GASC_AD_M7;139;83;345;5414;270;31;239;82;210;217;68;889;89;51;15;264;167;175;255;129;208;104;432;61;489;313;339
MP_GASC_AD_M8;139;83;345;5432;271;31;240;82;210;217;68;906;93;50;16;274;165;172;265;128;195;113;440;58;396;438;350
MP_GASC_AD_M9;;;;;;;;;;;;;;;;;;;;;;;;;;;
MP_GASC_AD_V1;138;82;341;5495;270;29;241;149;210;217;66;699;72;42;14;207;139;140;199;134;210;165;342;68;312;376;334
MP_GASC_AD_V2;136;83;343;5482;268;27;242;146;208;215;64;871;89;50;15;257;166;168;252;132;208;161;356;63;324;441;331
MP_GASC_AD_V3;135;82;340;5524;268;26;242;146;208;215;63;819;88;52;13;249;172;172;226;139;188;262;330;71;216;445;361
PACA01;153;70;280;6107;290;41;249;176;235;243;75;665;90;23;35;264;86;107;151;;;;;;;;
PACA02;154;68;276;6053;289;43;245;177;235;243;76;650;88;22;36;262;82;100;150;;;;;;;;
PACA03;154;67;275;6033;288;44;244;177;235;243;77;639;88;21;37;262;79;97;147;143;185;195;168;79;259;535;326
PACA04;156;62;263;5984;284;48;236;134;237;245;81;768;106;20;38;316;82;96;225;136;187;194;148;76;314;353;221
PACA05;156;63;264;5996;284;47;237;134;237;245;80;752;105;18;40;315;75;90;223;135;183;192;152;76;358;373;263
PACA06;157;61;262;5957;284;49;234;135;237;245;82;773;108;20;39;321;82;96;225;132;175;190;170;75;368;340;300
PACA07;139;66;274;5970;270;30;240;117;219;227;63;592;81;16;38;240;66;76;160;138;193;225;192;76;252;430;297
PACA08;138;65;272;5944;268;30;238;116;218;226;63;734;100;20;36;292;82;94;202;136;197;229;177;77;233;456;235
PACA09;152;73;286;6218;293;37;256;174;236;243;72;645;90;23;36;265;84;105;141;140;190;169;177;79;406;351;309
PACA10;151;73;286;6220;292;36;256;174;235;242;71;667;94;24;37;275;87;108;145;139;196;176;180;78;425;338;309
PACA11;146;74;287;6221;288;31;257;169;231;238;67;866;116;33;34;342;119;149;187;138;188;198;170;78;389;314;261
PACA12;147;77;292;6344;293;29;264;170;233;240;65;697;92;28;33;274;100;124;146;140;204;288;167;78;358;315;221
PACA13;147;77;292;6344;293;29;264;170;233;240;65;697;92;28;33;274;100;124;146;138;203;294;188;78;354;313;219
PACA14;141;75;291;6251;283;24;259;164;225;233;61;628;86;20;34;243;77;94;156;130;197;219;210;77;355;320;330
PACA15;144;75;290;6242;286;27;259;167;228;235;64;588;85;17;38;235;66;81;148;138;186;147;180;77;399;289;309
PACA16;140;75;289;6278;281;22;259;115;224;232;59;621;81;21;31;236;83;97;157;138;216;201;196;77;196;502;320
PACA17;140;75;289;6280;281;22;259;115;225;232;59;674;85;23;29;249;91;107;171;138;198;248;174;78;232;412;284
PACA18;152;71;283;6158;290;38;252;175;235;242;73;657;88;22;35;262;83;102;152;130;161;210;238;76;261;457;308
PACA19;;;;;;;;;;;;;;;;;;;;;;;;;;;
PACA20;;;;;;;;;;;;;;;;;;;;;;;;;;;
PACA21;;;;;;;;;;;;;;;;;;;;;;;;;;;
PCB1;119;77;335;5351;246;17;229;63;190;195;50;821;97;53;21;283;161;161;253;128;202;252;235;66;167;534;320
PCB10;120;74;324;5450;248;19;229;63;192;198;50;746;78;52;15;231;157;158;210;140;212;133;200;68;312;505;165
PCB11;115;76;336;5268;241;15;226;61;186;191;48;819;92;53;19;272;161;161;250;131;212;175;292;65;339;458;295
PCB12;116;76;336;5281;242;15;227;62;186;192;49;783;87;52;17;257;158;158;235;132;202;212;294;65;339;393;345
PCB13;;;;;;;;;;;;;;;;;;;;;;;;;;;
PCB2;119;77;335;5349;246;17;229;63;190;196;50;811;96;51;21;280;156;157;252;125;220;213;235;66;178;563;290
PCB3;118;77;338;5305;244;16;228;63;188;194;50;886;108;57;22;314;171;173;276;134;216;223;260;70;122;595;350
PCB4;120;77;338;5297;246;19;228;65;191;196;52;863;106;54;24;308;162;164;272;132;220;212;360;74;136;543;360
PCB5;125;76;338;5225;249;24;225;71;194;200;58;849;101;52;22;297;157;160;267;131;192;262;280;76;145;532;317
PCB6;128;73;335;5103;247;30;217;75;195;201;62;821;97;49;23;289;149;155;255;135;220;174;279;77;187;552;365
PCB7;127;64;317;4878;237;35;202;79;191;197;65;820;101;45;27;293;138;145;209;133;208;236;349;76;158;522;322
PCB8;126;77;333;5415;254;23;231;69;198;203;56;806;94;53;19;273;163;172;244;130;191;227;279;77;158;475;360
PCB9;120;74;325;5447;248;19;229;63;192;198;50;752;78;53;14;232;160;161;210;140;224;150;199;66;293;500;200
PCM1;121;77;334;5370;248;19;229;65;192;198;52;765;90;52;19;261;157;158;230;128;183;235;240;76;169;532;321
PCM10;130;61;308;4815;237;40;197;113;193;199;69;748;93;41;28;269;124;131;191;130;226;250;280;73;151;459;389
PCM11;126;77;332;5426;255;24;231;70;183;204;56;748;85;49;17;248;155;167;219;132;208;235;200;76;190;460;344
PCM12;125;77;337;5357;252;23;229;69;180;201;56;718;87;46;22;253;142;149;217;131;206;342;280;79;136;483;330
PCM2;121;76;334;5366;248;19;229;65;192;198;52;718;83;47;19;243;143;143;219;129;213;177;224;66;250;479;284
PCM3;118;77;337;5325;245;17;228;63;189;195;50;869;106;57;22;307;171;173;268;135;204;238;400;69;130;608;350
PCM4;118;77;337;5308;244;16;228;63;189;194;50;865;106;51;24;309;156;157;278;130;202;258;242;71;135;552;302
PCM5;119;77;335;5353;246;18;229;64;190;196;50;807;95;53;20;277;161;161;247;125;213;212;260;67;160;572;305
PCM6;121;77;337;5302;247;19;228;66;191;197;53;769;90;52;19;262;156;156;236;128;206;266;224;76;141;536;334
PCM7;126;75;338;5191;249;26;223;72;195;200;59;784;91;51;20;269;154;155;237;131;222;292;225;77;146;524;320
PCM8;126;75;338;5188;249;26;223;72;195;200;59;812;95;52;20;280;157;160;249;133;222;318;300;77;136;524;319
PCM9;126;75;337;5160;248;26;221;73;194;200;60;851;102;48;25;302;146;152;274;133;216;190;324;76;160;534;345
PCS1;122;75;329;5404;249;20;229;66;194;200;52;655;70;43;17;209;131;133;190;140;209;145;200;71;427;315;183
PCS2;122;75;329;5405;250;21;229;66;200;200;53;639;68;44;16;203;132;132;184;139;184;127;200;70;447;313;187
PCS3;122;75;329;5403;249;20;229;66;199;199;52;633;65;46;13;194;138;138;177;136;209;125;200;70;618;123;309
PCV1;118;76;331;5372;245;17;229;63;195;195;49;733;79;50;16;235;150;150;213;140;202;204;180;75;296;438;268
PCV2;120;76;330;5388;248;19;229;65;198;198;51;667;70;47;14;209;141;141;190;140;208;199;156;72;329;382;200
PCV3;118;75;329;5401;245;16;229;62;195;195;48;779;81;55;14;242;165;165;219;136;211;119;199;68;384;401;205
PCV4;131;66;322;4951;243;37;206;81;196;202;68;849;101;46;26;302;143;152;273;135;228;168;280;74;338;388;336
PCV5;127;76;338;5214;250;27;224;73;196;202;60;881;108;49;26;318;150;161;282;135;213;302;260;76;208;440;335
PCV6;129;77;339;5281;255;28;227;74;199;205;61;796;95;51;22;279;153;161;243;130;220;285;230;76;160;475;320
PDL01;108;72;334;5042;228;12;215;57;181;181;44;787;87;50;18;253;152;152;249;134;209;179;288;60;210;552;379
PDL02;114;73;338;5005;234;18;216;63;181;186;51;765;83;48;19;246;146;146;237;130;214;170;330;61;216;574;314
PDL03;112;74;335;5167;235;14;221;59;186;186;46;796;88;51;18;256;153;153;254;136;211;185;329;69;167;622;316
PDL04;110;74;336;5125;232;13;220;58;184;184;45;728;81;45;19;236;137;137;233;134;211;165;300;61;203;562;320
PDL05;111;74;335;5159;234;13;221;58;185;185;45;792;88;50;19;256;150;150;254;137;214;141;376;63;223;568;366
PDL06;116;73;339;5030;237;20;217;65;183;189;52;755;82;47;19;244;143;145;236;135;213;127;395;63;389;420;307
PDL07;117;73;338;4970;236;22;214;67;183;189;54;721;79;45;20;234;136;139;227;133;204;157;300;61;337;394;299
PDL08;115;72;338;4960;234;20;214;65;181;187;52;746;83;46;20;245;140;142;235;133;212;122;300;61;238;576;350
PDL09;115;72;338;4942;234;21;213;66;181;187;53;773;86;48;20;254;145;148;244;133;213;162;300;61;259;493;299
PDL10;116;76;332;5342;243;15;228;61;193;193;48;699;71;50;12;210;151;151;203;133;209;113;312;59;530;293;230
PDL11;117;76;332;5346;244;16;228;62;194;194;49;638;65;45;13;193;135;135;185;133;213;116;281;66;406;394;247
PDL12;117;76;334;5297;244;17;227;63;188;194;50;664;67;45;14;201;137;139;195;136;205;99;180;66;440;350;196
PDL13;117;76;334;5288;243;17;226;63;188;194;50;642;65;43;14;195;131;133;187;138;211;122;230;66;476;290;223
PDL14;119;73;339;5012;239;23;217;69;186;191;56;646;70;39;19;208;119;125;202;125;230;141;360;63;364;463;297
PDL15;117;70;337;4823;232;24;208;69;181;187;56;792;89;46;22;265;140;144;220;124;215;120;281;56;304;531;307
PDL16;116;72;338;4892;234;22;212;67;181;187;54;715;80;43;21;237;131;135;196;132;212;180;300;59;246;488;320
PDL17;117;72;338;4891;234;23;211;68;182;188;55;676;75;41;20;223;125;129;185;130;211;165;288;59;267;488;290
PDL18;115;71;338;4823;231;22;209;67;179;185;54;780;87;48;20;258;146;150;209;129;207;184;275;61;213;540;298
PDL19;120;75;337;5173;244;21;223;67;189;195;54;626;64;41;14;190;126;131;183;132;216;159;166;66;408;350;205
PDL20;117;75;337;5184;241;17;223;64;186;192;51;671;72;42;19;215;127;130;206;137;204;130;265;63;286;479;338
PDL21;120;76;335;5261;245;20;226;66;190;196;53;621;65;41;16;195;123;125;183;137;185;181;150;71;400;357;200
PDL22;121;75;336;5215;245;21;224;67;190;196;54;629;65;39;17;195;120;125;189;129;205;230;187;67;458;228;252
PDL23;119;76;336;5233;244;19;225;66;189;194;53;619;63;42;13;187;128;130;178;131;211;185;264;66;412;337;350
PDL24;122;76;334;5294;247;21;227;67;192;198;54;578;58;41;12;174;123;125;164;136;206;100;159;62;519;346;170
PDL25;123;69;332;4852;237;29;208;75;187;193;61;745;83;44;22;248;134;138;205;129;213;114;241;64;407;434;291
PDL26;122;67;329;4802;235;30;205;75;186;191;61;783;89;44;24;265;135;138;220;123;215;130;279;65;343;419;304
PDL27;122;69;332;4853;236;28;208;74;186;192;60;816;93;46;24;276;140;146;227;128;237;105;245;64;458;367;310
PDL28;126;66;322;4883;238;33;205;77;190;196;64;796;93;42;26;277;131;140;218;130;221;217;292;64;212;565;349
PDL29;125;67;325;4916;238;31;207;76;190;196;63;804;93;43;25;279;134;143;218;131;217;223;260;66;194;553;310
PDL30;124;68;325;4918;238;30;208;75;189;195;62;814;96;42;27;286;131;140;223;130;222;203;260;66;203;544;322
PDL31;126;66;322;4888;238;33;205;77;190;196;64;794;93;42;26;277;131;140;218;131;220;217;349;64;212;554;348
PDL32;124;67;324;4918;238;30;207;75;189;195;62;850;100;45;26;296;140;151;231;130;222;161;200;72;173;599;332
PDL33;124;68;325;4918;238;30;208;75;189;195;62;814;96;42;27;286;131;140;223;130;221;190;270;66;195;555;299
PDL34;114;70;338;4816;230;21;208;66;178;184;53;806;90;50;20;267;152;156;217;127;211;180;300;60;217;548;294
PDL35;117;72;338;4891;234;23;211;68;182;188;55;676;75;41;20;223;125;129;185;129;211;167;288;59;269;490;290
PDL36;121;76;336;5236;246;21;225;67;191;196;54;635;65;41;15;193;126;131;188;130;206;148;185;65;513;262;201
PDL37;;;;;;;;;;;;;;;;;;;;;;;;;;;
PIC01;109;59;300;4815;215;20;196;93;86;178;46;822;92;49;19;268;154;202;178;136;211;148;200;71;231;520;203
PIC02;106;65;314;4961;218;13;206;57;84;177;41;769;84;45;16;247;143;197;175;140;211;142;200;72;90;748;141
PIC03;105;69;321;5108;223;8;214;54;84;178;38;771;81;45;14;234;146;215;175;140;214;191;347;74;56;747;169
PIC04;104;69;321;5117;222;8;214;54;83;178;38;702;75;40;15;219;131;186;161;140;240;248;400;73;88;593;226
PIC05;106;70;321;5198;226;8;218;54;85;180;38;674;68;41;13;198;131;182;151;140;238;207;320;75;83;690;176
PIC06;106;71;319;5303;228;7;222;53;86;182;37;704;69;45;12;201;142;195;155;140;224;204;235;76;79;678;147
PIC07;107;71;318;5346;230;7;223;183;87;183;38;672;68;43;13;198;134;198;148;137;180;227;360;75;179;499;148
PIC08;109;71;316;5386;234;9;224;55;89;186;40;643;66;40;14;188;127;182;146;139;196;154;320;73;402;301;251
PIC09;103;68;321;5070;220;7;213;52;81;175;37;726;82;45;15;235;144;176;173;140;230;153;306;65;82;738;290
PIC10;104;71;317;5384;228;4;224;181;84;181;34;696;71;45;14;207;139;207;155;140;228;177;300;76;185;566;160
PIC11;108;69;320;5131;226;11;215;57;87;182;41;639;68;37;15;198;120;171;145;140;248;196;308;75;110;670;186
PIC12;107;71;322;5263;230;9;221;55;87;183;39;640;65;44;11;188;135;158;144;134;209;215;300;75;175;498;187
PIC13;112;71;319;5371;236;12;224;183;91;189;42;602;57;42;12;171;127;171;131;125;215;180;500;66;333;318;490
PIC14;107;72;316;5440;233;7;227;52;87;185;37;649;65;43;12;186;133;180;146;140;172;165;300;72;91;719;169
PIC15;109;71;321;5302;232;10;222;55;88;185;40;630;62;43;10;180;132;163;141;140;186;179;300;75;236;492;200
PIC16;107;68;321;5097;225;11;214;57;86;180;41;638;69;39;14;199;125;167;147;140;226;213;380;74;151;612;237
PIC17;106;70;321;5198;226;8;218;54;85;180;38;674;68;41;13;198;131;182;151;140;233;213;310;76;84;681;167
PIC18;108;71;312;5493;234;7;227;53;89;187;37;677;66;45;11;193;139;190;159;140;188;144;245;78;204;374;179
PIC19;107;71;322;5263;230;9;221;55;87;183;39;640;65;44;11;188;135;158;144;135;212;206;300;75;186;529;196
PIC20;100;71;324;5181;220;2;218;48;79;174;33;803;84;55;11;243;170;192;188;140;190;157;400;71;121;675;192
PIC21;106;70;321;5201;226;8;218;54;85;180;38;683;68;42;13;199;133;187;151;140;240;215;330;74;71;701;199
PIC22;110;71;320;5338;234;11;223;56;90;187;41;681;69;45;12;199;140;177;150;134;196;146;320;74;346;395;204
PIC23;106;69;321;5146;225;10;216;55;86;180;40;639;65;39;13;190;123;171;142;134;217;223;400;72;124;622;227
PIC24;102;72;312;5566;230;0;230;46;82;182;30;741;76;48;13;214;150;207;173;140;180;239;251;74;133;553;172
PIC25;109;56;293;4743;213;22;191;94;86;177;47;801;90;51;18;258;157;191;171;136;213;132;288;69;191;573;261
PIC26;108;71;312;5488;233;7;227;186;88;186;36;708;69;47;11;201;145;201;165;140;180;170;356;78;148;540;172
PIC27;104;70;323;5141;223;7;216;53;83;178;37;736;80;48;13;231;151;178;174;140;216;169;290;74;70;728;157
PIC28;106;70;322;5157;225;9;216;55;85;180;39;597;62;38;12;180;119;154;135;140;216;166;345;77;57;763;167
PIC29;104;67;318;5035;219;9;210;55;83;176;38;822;89;45;17;260;148;231;187;;;;;;;;
PIC30;105;70;321;5157;224;8;216;54;84;179;38;780;80;47;14;233;150;215;173;140;214;205;400;74;59;726;152
PIC31;107;69;321;5133;226;11;215;56;86;181;40;650;69;37;15;201;121;174;148;140;240;212;347;75;84;679;176
PIC32;102;69;322;5105;220;6;214;51;81;175;36;763;84;49;14;242;154;184;182;140;240;158;356;72;105;709;166
PIC33;101;69;322;5100;220;5;214;51;80;175;35;768;85;49;14;244;155;187;182;140;212;158;270;73;116;679;170
PIC34;;;;;;;;;;;;;;;;;;;;;;;;;;;
Pic35;;;;;;;;;;;;;;;;;;;;;;;;;;;
RA_B01;123;76;295;6271;265;7;258;94;69;211;40;974;96;64;15;286;192;253;214;133;220;162;238;61;195;568;330
RA_B02;123;76;295;6283;266;6;259;144;43;212;40;986;96;63;15;286;193;258;212;133;213;178;223;60;222;523;325
RA_B03;120;77;295;6293;263;4;260;92;40;209;38;965;98;63;15;290;193;238;211;133;204;158;225;63;259;511;325
RA_M01;128;78;293;6419;272;8;265;99;214;218;43;966;93;61;12;279;206;219;225;134;209;186;280;72;344;426;390
RA_M02;127;77;293;6373;272;9;263;99;213;217;44;885;93;52;16;271;178;194;210;130;180;156;239;67;358;418;365
RA_M03;128;77;293;6361;272;10;262;150;47;218;45;825;85;52;15;250;169;192;185;133;191;153;248;65;287;470;358
RA_M04;125;77;294;6361;270;7;263;147;44;216;42;928;95;59;17;277;179;234;190;;;;;;;;
RA_M05;127;79;294;6450;274;6;268;150;46;219;43;799;86;49;20;256;150;181;161;139;169;218;316;65;310;403;358
RA_M06;127;79;295;6446;274;6;268;149;45;219;43;888;92;55;17;268;165;219;175;136;170;193;207;65;332;410;335
RA_M07;122;79;294;6454;268;1;268;144;40;214;37;876;100;51;20;289;174;183;189;139;178;127;352;66;309;516;365
RA_M08;120;79;294;6448;267;-1;268;143;207;212;36;888;104;51;21;299;174;183;188;138;184;160;329;67;330;482;395
RA_M09;131;80;296;6512;280;8;272;154;49;225;46;991;108;60;19;316;188;234;193;133;186;153;360;69;405;346;389
RA_M10;137;80;296;6499;286;15;271;159;55;230;52;903;111;50;26;321;165;200;178;136;204;176;190;70;390;363;339
RA_M11;138;80;296;6513;287;15;272;160;56;231;53;900;104;51;23;309;169;205;178;137;186;157;235;68;377;397;322
RA_M12;136;81;297;6507;286;13;273;158;224;229;51;914;105;50;23;314;170;204;188;137;178;228;202;78;297;382;345
RA_M13;137;80;295;6496;285;15;271;159;55;230;52;900;113;50;27;324;160;198;175;134;210;148;215;68;389;372;348
RA_S01;118;77;296;6277;262;2;260;140;39;207;36;708;85;40;24;242;124;172;140;135;206;172;335;59;384;346;339
RA_S02;126;77;295;6342;270;8;262;188;45;216;42;860;89;51;19;261;155;230;166;139;188;190;244;65;294;484;344
RA_S03;121;77;295;6309;265;4;260;93;41;211;38;947;99;61;16;291;188;232;207;133;178;135;212;63;282;506;323
RA_S04;121;77;294;6327;265;4;261;93;40;211;38;991;107;62;16;313;207;226;229;133;214;175;280;65;293;457;360
RA_V01;119;76;296;6229;262;5;257;91;67;208;38;746;77;45;19;229;135;195;154;131;194;184;270;61;242;410;350
RA_V02;119;76;296;6235;261;4;257;175;66;207;37;904;91;57;16;267;172;252;191;133;217;171;250;60;272;475;282
RA_V03;115;76;296;6191;256;1;255;87;62;203;34;833;90;54;17;268;166;190;208;125;220;145;243;66;429;338;379
RA_V04;121;79;292;6550;268;-2;270;53;99;214;36;1122;103;83;8;307;253;287;279;120;192;174;562;67;397;356;438
RA_V05;110;79;294;6512;256;-13;269;174;26;202;25;1290;120;96;8;354;290;340;310;110;206;165;564;66;429;364;487
RA_V06;120;80;292;6666;269;-7;275;50;214;214;33;1002;102;70;12;302;218;218;282;120;209;217;294;72;291;329;424
RA_V07;127;78;295;6392;273;8;265;99;47;219;44;782;100;45;27;290;139;173;161;133;194;172;280;67;280;473;356
RA_V08;134;79;295;6461;282;13;269;105;53;227;50;831;113;45;30;317;146;175;166;138;186;183;223;69;282;408;370
RA_V09;134;79;295;6447;281;13;268;105;79;226;49;875;116;48;28;330;160;188;185;;;;;;;;
RA_V10;130;81;298;6519;280;6;273;152;218;224;45;708;86;35;25;249;121;141;148;134;220;223;270;74;272;408;381
RA_V11;129;82;298;6536;279;5;274;151;217;223;44;693;81;36;23;236;124;140;148;129;212;215;260;75;271;407;378
RA_V12;129;82;298;6555;279;4;275;151;217;223;43;659;79;34;23;225;116;126;148;131;190;165;243;76;259;486;360
RA_V13;120;76;296;6219;262;6;256;92;68;209;39;747;74;48;14;218;146;197;168;135;220;135;226;60;357;406;296
RC18;113;74;320;5535;242;11;231;56;92;193;42;628;59;46;9;176;138;144;165;137;198;300;250;74;104;472;208
RC19;113;74;317;5588;242;10;233;55;92;193;41;634;60;46;9;173;138;152;166;137;180;268;260;73;103;520;204
RC20;113;74;318;5572;242;10;232;55;92;193;41;637;60;46;9;173;139;151;166;140;168;303;256;74;132;475;185
RC21;113;74;320;5530;242;11;231;56;92;193;43;615;58;44;10;173;134;141;162;130;170;330;207;76;84;530;180
RC22;113;74;322;5511;241;10;231;56;92;192;42;632;60;46;10;180;138;144;168;136;179;261;265;72;70;626;190
RC23;115;74;313;5690;247;11;236;57;95;197;42;647;61;45;9;180;138;157;173;140;176;196;240;76;345;333;209
SALJPC1;124;43;281;3914;208;53;155;90;174;181;74;839;104;44;28;301;134;140;247;117;213;124;455;55;441;361;408
SALNME1;121;24;200;3384;185;64;121;94;162;171;77;887;111;43;31;327;132;141;270;;;;;;;;
SALNME2;118;26;207;3407;183;60;123;91;160;168;74;976;122;48;31;359;146;156;297;116;236;139;362;63;221;593;374
TAL4;166;35;189;5276;269;83;187;154;235;246;100;822;125;15;47;317;59;71;249;133;169;156;158;73;384;285;260
TAL5;166;35;189;5283;270;83;187;154;236;247;100;815;124;15;47;314;59;73;244;130;182;156;200;71;368;296;285
TAL6;170;35;187;5283;273;87;186;158;239;251;104;757;109;15;46;281;56;71;238;131;185;163;198;72;344;305;308
VESCO;169;31;169;5273;269;87;182;156;238;249;103;649;92;11;44;256;49;61;200;138;213;193;191;74;293;366;358
