"","id_parcelle","N_tot","limons_grossiers","CEC_a","argiles","limons_fins","sables_fins","pH","CEC_b","sables_grossiers","C_orga","phosphore_mg_kg"
"1","505",1.25,309,120.4,170,175,197,8.3,12.04,145,12.09,149
"2","468",1.91,194,180.8,237,146,250,8.4,18.08,168,19.08,289
"3","504",1.93,180,198.3,279,143,292,8.7,19.83,87,18.96,257
"4","144",1.02,479,99.5,169,236,99,7.8,9.95,13,9.26,68
"5","459",1.83,160,198.3,266,115,143,8.4,19.83,172,17.27,109
"6","516",1.22,455,114.7,187,268,57,7.6,11.47,31,11.42,70
"7","511",1.23,486,119.2,209,233,57,8.1,11.92,8,11.06,138
"8","512",0.98,475,92.5,155,301,46,8.2,9.25,20,8.77,159
"9","147",1.69,371,177.3,256,289,25,8.6,17.73,40,15.63,50
"10","284",1.48,427,88.9,123,325,90,7.7,8.89,33,13.51,64
"11","412",1.1,286,85,120,148,408,7.6,8.5,35,9.61,107
"12","253",2.54,228,152.2,177,156,46,8.2,15.22,63,23.37,103
"13","532",1.72,463,122.3,198,271,53,6.9,12.23,12,15.33,37
"14","533",2.48,145,109.4,170,335,73,6.3,10.94,276,17.97,115
"15","359",1.1,49,78.6,122,76,286,8.4,7.86,339,11.31,53
"16","360",0.98,61,107.7,199,94,193,8.5,10.77,376,7.21,75
"17","367",1.04,65,101,163,99,228,8.5,10.1,315,10.06,41
"18","363",1.36,40,145.5,259,120,86,8.5,14.55,241,14.61,50
"19","361",1.79,60,164.3,290,144,147,8.2,16.43,306,17.57,227
"20","211",2.36,370,192.5,246,317,45,7.7,19.25,16,19.99,54
"21","472",1.11,97,104.3,150,123,285,7,10.43,342,15.36,73
"22","182",0.9,266,76.5,158,266,160,7.7,7.65,148,9.39,58
"23","479",1.63,9,127.7,213,24,6,8.3,12.77,5,16.86,88
"24","477",1.19,128,203,333,157,173,8.1,20.3,151,9.42,27
"25","481",1.24,279,83.2,179,276,176,6.7,8.32,91,12.12,21
"26","473",1.01,144,108.6,196,159,304,7.9,10.86,194,7.59,32
"27","545",2.23,167,132.5,127,153,173,8.1,13.25,374,21.73,172
"28","222",0.7,98,56.5,94,125,102,6.9,5.65,580,6.15,53
"29","310",1.58,223,130.9,240,344,150,5.8,13.09,43,13.28,47
"30","209",1.97,252,166,315,311,40,7.1,16.6,80,16.89,61
"31","237",0.88,114,54.6,79,174,97,7.5,5.46,532,11.63,99
"32","41",0.9,89,88.8,119,123,180,7.2,8.88,485,10.26,159
"33","100",1.8,499,133.2,153,270,41,8.1,13.32,28,16.85,143
"34","27",1.15,462,95.3,132,271,53,6.4,9.53,79,10.37,79
"35","97",1.6,314,182.2,242,211,25,8.2,18.22,19,14.13,44
"36","106",1.57,336,97.7,193,271,101,7.6,9.77,94,17.9,84
"37","188",1.37,405,126.3,195,302,35,7.1,12.63,60,12.14,21
"38","19",1.34,299,166,253,256,73,5.9,16.6,117,11.65,179
"39","28",1.19,446,114.6,190,318,23,6.5,11.46,19,10.69,102
"40","549",1.41,450,147.6,204,312,23,7.5,14.76,6,14.05,76
"41","427",2.42,387,163.7,198,297,68,7.6,16.37,47,21.65,69
"42","419",1.42,428,90.2,113,286,86,7.3,9.02,84,12.44,51
"43","556",2.32,327,88,100,233,158,6.4,8.8,178,21.48,92
"44","888",1.09,411,77.2,113,269,106,6.9,7.72,99,10.34,42
"45","232",2.43,343,119.2,121,266,105,7.4,11.92,162,23.72,136
"46","262",2.62,28,76.7,29,27,27,8.6,7.67,28,23.63,24
"47","487",3.49,82,182.8,298,157,52,8.4,18.28,275,20.93,103
"48","221",2.12,157,202.8,356,240,48,8.2,20.28,187,16.05,246
"49","194",2.52,45,124.2,201,99,75,7,12.42,577,11.82,36
"50","193",1.46,239,151.5,236,341,52,7.5,15.15,128,11.69,148
"51","305",0.94,118,111.8,242,132,113,8.6,11.18,184,7.56,40
"52","22",1.85,179,236.6,412,290,49,8.3,23.66,13,11.59,132
"53","306",1.09,149,141.1,243,180,193,8.2,14.11,224,8.24,92
"54","339",0.69,7,51.1,12,17,41,7.4,5.11,921,14.35,92
"55","297",1.67,48,112,192,66,96,8.2,11.2,567,20.56,32
"56","563",1.05,259,111.9,219,309,159,8.6,11.19,11,8.6,27
"57","325",0.69,32,39.8,35,29,189,8.1,3.98,712,10.43,45
"58","205",1.05,416,62.3,94,173,203,6.8,6.23,112,8.86,161
"59","207",1.02,421,64.6,93,177,192,6.5,6.46,115,9.1,123
"60","423",3.23,94,298.6,667,178,8,7.9,29.86,6,13.69,54
"61","402",2.47,134,212.1,401,229,16,8.5,21.21,5,17.12,43
"62","401",1.25,244,118.4,304,352,58,7,11.84,39,9.33,17
"63","398",0.85,286,63.1,139,277,209,6.8,6.31,88,7.09,13
"64","414",0.99,357,71.4,133,323,107,6.7,7.14,79,8.31,65
"65","425",1.22,308,92.6,186,350,88,8.4,9.26,50,11.48,83
"66","415",2.38,192,315.3,486,231,50,7.9,31.53,36,13.3,59
"67","422",2.13,235,193.4,390,294,34,7.7,19.34,41,10.95,53
"68","421",1.13,357,99.8,186,403,35,7,9.98,17,8.92,35
"69","245",3.87,81,239.5,563,295,24,7.6,23.95,29,20.73,150
"70","135",1.51,258,87.7,194,243,100,7.5,8.77,200,13.51,162
"71","169",1.41,297,93.6,205,243,110,8,9.36,141,10.84,185
"72","248",2.97,241,146.2,266,212,44,8.4,14.62,47,24.62,109
"73","173",2.18,244,161.8,353,247,62,7.8,16.18,91,16.31,239
"74","246",8.36,131,291.7,468,275,45,7.4,29.17,62,47.39,388
"75","346",1.01,233,63.3,110,201,111,6.8,6.33,344,11.28,28
"76","14",2.38,205,143.4,234,401,139,6.9,14.34,19,21.68,195
"77","113",1.73,86,77.7,91,55,13,8.2,7.77,19,16.76,63
"78","202",2.24,92,116.8,147,90,20,8.1,11.68,85,22.61,85
"79","285",2.77,217,196.5,398,347,18,7.9,19.65,7,23.66,109
"80","282",2.19,76,108.6,133,97,10,8.2,10.86,8,21.47,101
"81","2",2.2,209,178.4,327,282,159,7.3,17.84,19,20.13,110
"82","230",1.78,95,91.3,90,36,9,8.2,9.13,7,17.11,72
"83","271",2.84,61,128.2,185,93,20,7.9,12.82,19,25.24,99
"84","510",6.92,188,284.2,367,244,22,7.7,28.42,36,70.61,284
"85","526",1.98,50,119,189,78,8,8.3,11.9,2,16.46,47
"86","255",2.15,189,132.3,199,167,9,8.1,13.23,7,19.43,57
"87","37",1.49,453,151.7,235,258,43,7.9,15.17,4,11.35,121
"88","49",1.53,179,186.3,335,111,205,8.1,18.63,34,14,30
"89","520",1.93,156,112,152,129,21,8.1,11.2,10,18.26,73
"90","283",1.17,244,120.4,217,124,316,7.9,12.04,68,8.82,57
"91","508",2.04,104,109.5,162,112,12,8.2,10.95,9,19,77
"92","286",1.49,236,148.4,250,244,84,7.7,14.84,179,11.55,106
"93","235",1.94,271,150.4,336,236,56,8,15.04,37,16.77,65
"94","110",1.75,96,160.9,264,111,255,8.1,16.09,86,21.11,98
"95","280",1.77,36,77.4,106,42,33,8.4,7.74,28,19.98,89
"96","24",2.25,118,164,253,117,251,8.2,16.4,104,24.34,144
"97","225",2.26,130,174,236,99,294,8.1,17.4,106,25.89,83
"98","114",2.31,106,187,286,122,155,8.1,18.7,75,28.71,161
"99","108",1.77,155,146.2,219,106,179,8.2,14.62,74,21.68,96
"100","109",2,95,138,205,102,178,8.2,13.8,69,23.28,65
"101","503",1.58,203,146.6,282,134,96,8.3,14.66,74,13.99,150
"102","126",1.47,294,207.6,301,241,36,8.1,20.76,120,13.45,78
"103","39",1.88,112,209.4,281,99,71,8.2,20.94,240,17.36,114
"104","127",1.63,319,182,321,261,20,8.5,18.2,6,13.66,28
"105","132",1.44,32,245.7,358,77,94,8,24.57,423,9.45,44
"106","129",1.17,325,132.7,223,247,53,5.7,13.27,151,9.21,44
"107","128",2.06,194,353.9,479,218,34,8.3,35.39,38,14.91,26
"108","243",2.01,153,97.6,118,182,158,7,9.76,388,19.01,42
"109","318",1.24,92,106,144,146,200,6.6,10.6,418,10.52,17
"110","317",1.61,101,111.4,110,126,187,5.7,11.14,477,17.58,94
"111","158",1.63,79,130.7,141,175,141,6.5,13.07,464,14.84,106
"112","251",1.22,84,79.7,141,183,152,6,7.97,439,11.79,53
"113","315",1.76,86,95.5,135,172,101,6.7,9.55,506,16.41,49
"114","319",2.96,100,135.5,143,148,238,7.6,13.55,364,27.5,63
"115","242",1.64,97,81.7,128,163,181,6.5,8.17,431,13.85,15
"116","244",1.44,167,121,177,182,303,7.9,12.1,163,12.68,49
"117","316",1.74,114,119.3,141,171,179,6.4,11.93,395,16.36,47
"118","320",1.47,72,78.4,112,132,131,7,7.84,552,15.57,65
"119","160",1.36,107,72.5,102,167,168,6.5,7.25,456,13.28,117
"120","123",1.25,317,108,185,357,46,7.8,10.8,77,11.02,91
"121","252",1.22,431,69.7,113,365,57,5.6,6.97,34,11.37,63
"122","96",1.29,352,124.9,162,322,63,7.3,12.49,98,11.72,83
"123","32",1.79,331,182.2,269,310,34,7.6,18.22,52,15.94,84
"124","166",1.5,178,120.3,151,313,222,8.1,12.03,118,11.98,23
"125","154",0.86,309,45.2,91,239,192,6.7,4.52,169,6.5,28
"126","470",1.17,348,79.7,169,303,130,5.6,7.97,51,9.89,28
"127","134",1.42,315,84.2,167,247,116,5.3,8.42,155,11.08,94
"128","165",1.52,290,111.4,206,239,184,7.7,11.14,75,13.48,110
"129","480",0.98,266,91.6,186,326,110,6.8,9.16,113,8.32,46
"130","474",1.23,288,71,160,351,96,8.1,7.1,95,10.58,99
"131","502",0.94,239,64.3,158,249,228,5.8,6.43,126,7.1,54
"132","151",1.23,133,81.9,147,269,156,6.1,8.19,296,10.06,61
"133","162",1.39,99,166.7,398,204,112,8.3,16.67,101,9.26,18
"134","241",1.23,238,69.1,144,241,158,5.4,6.91,220,11.64,90
"135","170",0.7,139,81.8,125,125,256,7.6,8.18,353,7.94,228
"136","250",0.77,171,81.5,138,164,245,7.6,8.15,280,7.54,56
"137","324",1.15,250,84.3,156,192,301,8.3,8.43,44,9.7,53
"138","541",1.87,401,101.1,166,225,118,6.2,10.11,91,18.33,62
"139","298",3.29,259,127.3,191,181,186,5.4,12.73,182,31.75,57
"140","140",2,278,94.5,126,412,92,6.3,9.45,93,17.08,108
"141","392",2.67,205,112.2,230,447,64,5.4,11.22,54,20.1,55
"142","163",2.28,265,88.3,141,378,108,6.6,8.83,107,18.82,39
"143","157",2.84,156,118,252,320,79,6.8,11.8,194,20.71,39
"144","141",2.35,306,99.9,163,362,79,6.8,9.99,90,19.31,72
"145","164",1.95,181,76,139,201,67,5.4,7.6,411,16.37,61
"146","562",1.06,304,62.1,109,235,101,6.3,6.21,251,8.73,33
"147","142",1.45,59,161,249,71,214,7.8,16.1,402,12.09,51
"148","139",1.65,171,60.1,116,213,91,5.7,6.01,409,14.75,32
"149","553",0.88,19,73,74,42,116,8.4,7.3,734,5.92,73
"150","432",0.94,135,101,170,102,329,8.4,10.1,222,8.5,37
"151","521",1.55,270,121.2,247,234,146,6.5,12.12,102,14.29,56
"152","98",1.76,183,153.2,194,197,146,7.8,15.32,271,18.12,125
"153","111",1.23,136,67.4,137,305,128,5.5,6.74,293,11.25,62
"154","302",1,199,50.9,142,297,198,6,5.09,165,8.49,15
"155","557",1.23,176,71.3,157,312,186,6.4,7.13,170,10.19,45
"156","308",0.87,231,77.4,185,374,164,6,7.74,47,8.55,23
"157","311",1.16,324,57.8,133,321,135,6.1,5.78,87,13.2,193
"158","309",0.89,13,59.4,33,29,233,6.1,5.94,693,13.76,191
"159","368",2.1,37,188.7,388,67,64,8.2,18.87,224,20.07,30
"160","344",0.72,61,29.3,19,45,146,5.9,2.93,729,8.85,82
"161","68",1.32,279,83.2,166,363,61,6.7,8.32,131,12.65,75
"162","1",1.12,321,77.4,188,361,57,6.5,7.74,72,10.12,75
"163","226",1.75,278,106.8,308,270,55,5.5,10.68,90,17.49,74
"164","17",0.61,21,40.2,45,23,456,7.9,4.02,453,5.83,105
"165","46",2.94,101,181.4,275,139,16,8,18.14,13,26.85,25
"166","102",2.07,267,104.7,176,272,113,6.8,10.47,172,20.57,75
"167","121",1.36,295,86.7,180,424,40,6.5,8.67,61,13.4,67
"168","105",0.67,47,98.2,127,58,386,8.1,9.82,378,7.05,94
"169","59",1.9,280,146.6,260,386,31,6.8,14.66,43,17.74,120
"170","54",0.8,43,66.2,75,75,394,6.8,6.62,410,9.65,94
"171","522",2.68,41,193,333,136,44,8.2,19.3,67,26.89,127
"172","53",1.92,165,201.1,333,212,100,8.2,20.11,79,20.28,163
"173","90",1.13,105,76.7,107,93,341,6.4,7.67,354,12.87,56
"174","395",1.38,452,91.1,124,306,79,8,9.11,20,11.75,33
"175","404",1.47,253,151.4,202,169,197,8,15.14,172,13.72,67
"176","534",1.24,474,101.1,140,259,92,7.9,10.11,31,11.34,54
"177","535",1.25,481,111.1,191,247,67,6.7,11.11,14,12.02,40
"178","48",1.95,8,207.9,340,32,11,8.2,20.79,7,14.3,67
"179","23",1.68,292,155.3,267,226,53,8.2,15.53,44,15.92,120
"180","9",1.14,246,53.9,79,158,405,7.6,5.39,109,10.52,154
"181","190",1.16,351,126.7,228,281,78,7.9,12.67,55,9.55,76
"182","218",1.29,414,111.4,177,221,108,7.9,11.14,78,11.92,126
"183","118",3.81,63,216.2,424,155,37,8.2,21.62,60,32.82,87
"184","92",3.78,42,191.6,374,88,9,8.2,19.16,7,33.68,32
"185","101",3.23,53,172.3,381,135,8,8.3,17.23,10,27.55,55
"186","228",1.16,518,101.9,171,233,76,6.8,10.19,2,10.28,93
"187","112",2.34,274,128.5,173,145,40,8.3,12.85,5,19.1,107
"188","548",2.17,461,135,206,177,50,8.2,13.5,11,18.47,37
"189","366",1.96,499,130,198,219,76,7.5,13,4,16.77,145
"190","554",2.77,317,156.2,251,238,84,6.6,15.62,108,24.09,98
"191","116",1.37,473,120.9,216,237,69,7.2,12.09,3,11.94,125
"192","94",1.58,569,102.1,145,207,72,7,10.21,6,13.71,78
"193","115",1.84,449,157.4,228,271,43,8.1,15.74,3,14.71,58
"194","117",1.82,164,78.4,103,79,24,8.4,7.84,9,16.59,40
"195","3",1.06,165,96.7,219,230,191,8.5,9.67,60,8.73,46
"196","4",0.76,183,66.1,151,129,400,8.5,6.61,58,6.82,134
"197","65",0.9,55,102,247,100,92,8.5,10.2,50,9.01,32
"198","196",0.87,128,161.6,294,176,163,8.1,16.16,226,6.33,63
"199","66",0.85,99,68.4,71,74,273,7.8,6.84,481,9.7,83
"200","197",0.67,100,134.5,179,137,152,8.5,13.45,410,4.54,20
"201","155",1.78,383,123.3,217,293,69,6.9,12.33,37,16.26,64
"202","156",1.4,459,87.9,139,315,69,6.8,8.79,18,11.59,21
"203","45",1.19,171,53.2,69,89,296,6.6,5.32,375,10.2,117
"204","159",1.78,325,80.4,162,319,81,6.1,8.04,113,15.42,26
"205","44",2.67,182,242.7,347,154,91,7.2,24.27,224,15.48,81
"206","238",1.02,120,98.8,134,91,178,8.1,9.88,467,8.64,29
"207","67",1.2,342,97,182,198,164,7.2,9.7,113,13.06,101
"208","364",1.7,135,81.3,90,41,460,8.1,8.13,129,14.81,73
"209","431",0.94,72,53.4,88,78,287,8.4,5.34,269,9.18,14
"210","300",0.96,104,94.8,199,129,44,8.4,9.48,5,7.58,69
"211","58",1.77,182,219.7,432,198,93,8.4,21.97,18,12.66,62
"212","500",0.93,275,109.9,226,228,84,8.1,10.99,177,8.76,153
"213","381",1.12,144,147.3,281,215,113,7.1,14.73,247,9.57,30
"214","383",1.23,282,162.2,259,253,161,7.1,16.22,45,13.6,62
"215","382",1.54,158,166.4,325,190,33,8.4,16.64,26,14.25,115
"216","327",2.72,154,190.6,328,231,16,8.3,19.06,53,24.51,87
"217","330",2.6,230,217.2,367,365,14,7.8,21.72,10,25.19,82
"218","333",0.95,364,71.4,119,310,123,6.9,7.14,84,8.75,51
"219","5",1.58,60,69.1,25,43,192,7.6,6.91,668,15.95,175
"220","103",0.95,242,66.8,91,159,380,7.9,6.68,126,9.37,79
"221","439",1.75,200,97.8,191,158,237,8.2,9.78,130,15.37,19
"222","440",1.39,90,84.7,176,114,129,8.5,8.47,38,13.14,56
"223","446",1.8,22,199,413,136,71,8.4,19.9,51,15.22,32
"224","353",0.44,103,81.7,159,89,240,8.5,8.17,301,3.91,12
"225","303",1.85,67,171,331,108,84,8.2,17.1,94,17.06,25
"226","494",0.62,160,89.6,187,113,224,8.4,8.96,103,4.89,16
"227","304",0.45,108,49.6,66,133,186,7.7,4.96,506,5.8,57
"228","380",0.8,111,164.1,289,190,143,8.2,16.41,233,6.2,9
"229","219",1.24,381,115.4,192,199,156,7.4,11.54,69,10.75,107
"230","40",1.25,325,94.2,126,265,183,7.6,9.42,98,10.57,39
"231","513",1.18,476,126.8,191,276,39,7.1,12.68,16,10.18,50
"232","30",1.16,275,85.3,129,233,247,7.2,8.53,114,10.48,82
"233","31",1.33,351,170,257,282,63,7.7,17,43,10.7,77
"234","357",2.24,341,100.5,139,327,116,6.1,10.05,75,23.33,122
"235","216",2.67,211,108,265,331,118,5.8,10.8,73,21.38,74
"236","263",1.42,397,83.7,144,237,131,6.8,8.37,90,12.17,118
"237","289",1.45,242,142.8,323,239,32,8.2,14.28,6,11.17,45
"238","201",1.93,368,86.1,158,213,149,6.4,8.61,112,19.17,158
"239","377",1.83,453,92.9,161,266,74,6.3,9.29,44,14.66,222
"240","264",2.08,154,98.6,203,350,147,6.9,9.86,145,16.71,85
"241","130",1.83,384,93.8,155,359,51,5.8,9.38,49,17.18,121
"242","376",1.65,147,166.7,341,247,40,8.1,16.67,212,13.05,49
"243","372",1.5,324,100.9,166,409,44,8,10.09,48,12.9,29
"244","71",1.1,495,73.4,109,185,158,6.3,7.34,53,9.45,106
"245","72",1.24,338,71.2,59,118,190,7.7,7.12,291,11.54,175
"246","25",2,287,99.6,153,247,186,6.4,9.96,126,21.15,107
"247","185",1.42,204,74.9,106,187,152,6.8,7.49,349,15.76,92
"248","441",1.63,441,88.4,142,233,110,6.6,8.84,74,14.38,132
"249","189",2.09,165,104.6,193,342,113,6.8,10.46,187,16.77,159
"250","212",1.74,466,82.8,134,265,94,7.1,8.28,40,14.59,18
"251","418",1.16,493,82.8,131,256,113,6.9,8.28,5,9.95,45
"252","220",1.11,463,73.5,94,187,252,6.6,7.35,3,9.62,94
"253","560",1.28,493,78.1,89,258,148,7,7.81,10,11.34,142
"254","340",0.93,113,68.5,109,65,339,8.4,6.85,212,9,100
"255","338",1.12,196,121.9,255,208,173,8.5,12.19,148,8.53,77
"256","351",1.49,288,95.9,153,228,229,8.7,9.59,23,14,38
"257","385",0.73,109,90.4,219,193,182,8.5,9.04,291,7.43,26
"258","384",0.99,228,78.3,145,243,237,8.5,7.83,39,10.31,27
"259","352",0.89,164,55.1,59,103,235,7.7,5.51,437,8.18,62
"260","449",0.9,113,93.9,165,69,193,8.9,9.39,7,9.63,10
"261","540",2.08,243,127.1,228,114,256,8.4,12.71,6,17.62,52
"262","456",0.79,96,132.8,193,78,426,8.3,13.28,175,9.57,44
"263","454",1.58,71,122.7,140,59,391,7.9,12.27,314,14.17,41
"264","451",1.68,81,93.1,241,210,74,8.5,9.31,20,15.46,75
"265","558",1.6,38,126.7,191,82,65,8.3,12.67,11,14.58,90
"266","453",1.16,80,72.6,174,128,118,8.5,7.26,30,10.63,64
"267","528",1.55,468,92.3,132,232,159,7.1,9.23,5,14.58,113
"268","527",1.23,487,73.2,117,222,167,6.3,7.32,8,10.41,102
"269","529",1.45,475,79.2,132,220,163,6.6,7.92,9,13.86,65
"270","445",1.08,457,73.7,124,230,186,6.7,7.37,4,10.72,84
"271","93",2.53,50,283.6,534,117,75,8,28.36,218,18.3,73
"272","552",1.61,162,66.1,149,117,253,6.4,6.61,319,17.15,70
"273","551",1.33,361,80.1,122,270,170,7.4,8.01,75,13.71,50
"274","47",2.79,97,208.9,436,177,21,8.5,20.89,29,19.64,61
"275","550",1.4,96,75.7,132,211,106,7,7.57,454,10.41,30
"276","214",1.33,172,104.1,157,204,239,8.1,10.41,200,12.39,77
"277","120",0.96,7,56.4,4,21,50,7.5,5.64,915,14.74,104
"278","491",1.08,101,89.5,130,87,319,7.6,8.95,358,9.5,53
"279","495",3.2,191,276.5,470,241,63,8,27.65,11,18.17,60
"280","496",2.17,156,180.6,376,420,20,6.4,18.06,28,15.14,53
"281","458",3.99,69,346.6,521,192,126,7.1,34.66,87,22.26,49
"282","465",1.24,335,93.7,161,216,37,8.1,9.37,74,12.13,73
"283","506",1.51,221,147.1,267,237,43,8.2,14.71,109,15.01,113
"284","457",1.02,410,82.1,148,272,83,5.8,8.21,88,9.14,86
"285","292",2.46,204,134.5,156,204,124,7.7,13.45,296,23.27,77
"286","443",1.56,262,150.5,303,297,89,5.9,15.05,49,12.74,30
"287","517",2.38,335,152,234,344,15,7.9,15.2,7,20.38,56
"288","501",3.04,73,281.9,601,308,8,6.5,28.19,10,14.62,20
"289","355",2.58,209,238.5,447,315,19,7.1,23.85,5,16.56,34
"290","143",1.98,124,135.6,187,153,197,7.8,13.56,331,17.66,77
"291","542",2.62,89,194.6,242,148,231,7.9,19.46,273,21.94,73
"292","519",1.65,250,142.7,230,245,139,7.6,14.27,130,14.7,101
"293","124",1.26,376,136.2,252,298,42,6.5,13.62,31,10.28,138
"294","462",1.84,97,98.5,184,97,253,8.1,9.85,256,15.97,56
"295","184",0.96,188,85.3,187,185,175,6.1,8.53,265,8.19,62
"296","544",2.35,195,222.2,431,290,47,7.9,22.22,19,12.44,55
"297","444",1.27,188,104.4,225,522,35,6.4,10.44,31,10.85,23
"298","475",1.46,244,104.2,195,426,86,5.9,10.42,49,12.36,24
"299","476",2.34,182,209.8,423,235,110,7.1,20.98,44,14.16,68
"300","518",1.06,273,128,239,238,148,7.2,12.8,96,9.41,73
"301","460",2.06,415,123,186,329,19,8.2,12.3,9,18.25,106
"302","29",1.03,159,81.4,180,161,216,8.6,8.14,97,9.27,25
"303","509",1.16,143,77,82,203,85,7,7.7,483,11.47,123
"304","294",0.94,156,86,121,202,136,7.3,8.6,381,10.31,141
"305","514",0.68,66,67.5,61,99,139,7.6,6.75,632,7.72,100
"306","435",2.15,300,190,312,268,112,6.7,19,8,18.32,25
"307","461",1.64,150,139.5,290,195,74,8.2,13.95,61,14.13,69
"308","378",1.31,125,101.3,140,169,190,7.5,10.13,370,13.65,198
"309","348",1.39,180,124.9,181,245,174,7.4,12.49,215,14.93,196
"310","371",1.61,102,184,425,437,9,7.6,18.4,17,15.24,43
"311","370",3.22,53,243,387,211,52,7.9,24.3,244,29.85,295
"312","369",1.63,185,131.8,210,201,189,8.1,13.18,177,15,184
"313","354",0.76,335,46.9,84,175,251,6.2,4.69,155,7.44,19
"314","349",1.45,235,84.9,105,206,101,7.1,8.49,349,14.18,76
"315","57",2.53,126,292.4,467,179,67,8,29.24,29,16.59,26
"316","183",2.15,252,169.2,298,297,135,6.6,16.92,18,17.54,23
"317","210",2.63,16,238.1,577,174,5,8.2,23.81,5,20.43,54
"318","56",2.3,200,237.4,388,284,50,8.3,23.74,47,14.74,25
"319","489",1.68,63,129.5,327,117,27,8.4,12.95,78,16.7,90
"320","488",2.38,135,230.8,477,215,27,8.2,23.08,51,22.06,237
"321","329",2.64,72,227.7,484,190,14,8.3,22.77,42,20.06,162
"322","70",4.39,122,225.6,345,194,20,8,22.56,12,37.92,210
"323","507",2.21,359,124.8,314,219,42,7,12.48,57,19.84,103
"324","35",1.22,351,117.8,163,298,86,6.8,11.78,102,12.37,36
"325","85",3.66,54,244,482,156,9,8.2,24.4,14,28.32,33
"326","69",3.51,30,247,405,122,11,8.2,24.7,13,27.5,50
"327","86",1.69,298,94.3,244,378,36,6.3,9.43,43,15,37
"328","11",1.61,426,143,217,219,104,8,14.3,23,12.36,195
"329","291",1.31,347,101.2,163,160,229,8.2,10.12,54,10.58,90
"330","8",1.08,349,73.5,93,109,373,7.9,7.35,39,9.7,84
"331","537",1.27,403,115.9,190,244,100,8,11.59,50,11,49
"332","38",1.26,334,112.9,175,229,213,8.1,11.29,35,11.03,63
"333","538",1.51,410,125.1,194,304,68,7.7,12.51,18,13.2,48
"334","430",1.44,450,139.4,226,210,87,7.9,13.94,11,12.61,113
"335","133",1.18,347,118.1,184,210,218,8,11.81,32,9.81,68
"336","433",1.06,511,83.8,121,186,163,7.6,8.38,15,9.42,82
"337","200",1.43,460,103.4,152,261,99,7.4,10.34,25,13.09,181
"338","337",1.62,412,137.7,200,266,77,8,13.77,28,13.75,170
"339","174",1.72,260,117.1,163,131,84,8.1,11.71,76,14.89,81
"340","347",1.71,417,143.7,199,199,151,8,14.37,11,13.94,45
"341","341",1.45,467,114.2,160,245,105,7.9,11.42,12,11.83,155
"342","131",1.17,476,111,176,268,69,7.6,11.1,7,9.98,76
"343","91",1.39,499,93.8,130,298,67,6.8,9.38,6,11.88,128
"344","396",1.79,295,105.3,125,137,182,8.2,10.53,43,19.68,62
"345","373",1.17,475,91.8,119,218,174,7.8,9.18,6,9.73,169
"346","288",1.54,427,118,210,202,98,8.2,11.8,10,12.85,93
"347","287",1.67,188,111,188,98,64,8.3,11.1,36,13.84,86
"348","559",1.09,453,119.7,211,265,60,7.5,11.97,7,8.97,80
"349","374",0.84,226,62.5,77,93,474,7.8,6.25,125,6.63,151
"350","290",0.92,227,42.1,69,100,364,7.8,4.21,211,6.56,118
"351","307",2.49,193,126.9,120,141,122,6.2,12.69,425,30.57,168
"352","546",2.33,214,109,227,373,69,5.7,10.9,117,20.7,124
"353","107",2.78,303,123.9,170,319,115,5.8,12.39,93,25.62,116
"354","199",1.72,167,115.1,145,309,91,7.4,11.51,281,13.75,127
"355","75",1.41,201,100.2,127,316,60,6.2,10.02,296,15.32,87
"356","217",2.59,279,117.8,215,214,96,8.3,11.78,103,25.02,10
"357","42",1.39,148,78.8,90,144,118,7.3,7.88,495,17.13,147
"358","295",3.62,119,154.1,197,201,217,6.4,15.41,265,38.76,62
"359","486",4.78,114,178,295,311,118,6.8,17.8,162,44.43,58
"360","296",1.71,73,119.2,137,187,127,6.2,11.92,476,20.99,118
"361","265",2.64,149,113.8,143,206,267,6.1,11.38,234,30.05,69
"362","391",1.39,479,115.3,173,266,71,7.8,11.53,6,11.41,150
"363","386",1.64,423,154.9,222,236,101,7.7,15.49,15,13.04,196
"364","407",1.97,518,111.1,147,272,46,7.2,11.11,12,17.08,44
"365","410",1.37,532,102.4,142,200,104,7.6,10.24,19,10.8,195
"366","400",1.15,545,78.7,101,260,87,5.4,7.87,7,9.55,57
"367","406",1.98,542,125.7,164,242,34,7.5,12.57,14,15.08,138
"368","389",1.26,557,85,113,233,86,7.2,8.5,7,10.18,70
"369","428",1.47,441,115.3,176,309,49,8.1,11.53,6,12.25,173
"370","408",1.7,302,102.3,105,91,459,7.4,10.23,38,17,346
"371","390",1.43,351,152.9,234,235,127,7.6,15.29,49,11.36,88
"372","409",1.63,522,116.7,160,184,115,6.1,11.67,19,13.44,152
"373","399",2.22,448,102,146,339,46,7.5,10.2,15,18.48,19
"374","417",1.03,518,97.6,160,243,60,7.6,9.76,16,7.93,166
"375","397",1.26,477,124,189,219,91,8.2,12.4,7,10.41,22
"376","191",3.36,206,133.9,194,223,277,5.4,13.39,100,30.47,95
"377","388",1.85,145,156.6,146,358,137,7.1,15.66,211,19.44,177
"378","387",2.61,112,169.8,209,397,121,6.2,16.98,161,24.25,68
"379","394",2.47,126,181,262,307,121,7.1,18.1,181,23.04,114
"380","393",2.42,94,175.4,197,322,97,6.9,17.54,288,25.32,74
"381","240",2.03,74,279.1,377,190,84,6.7,27.91,275,14.25,62
"382","168",2.41,81,207.8,362,195,138,7.1,20.78,221,18.82,26
"383","254",2.2,62,242.2,503,155,49,8.4,24.22,63,19.9,86
"384","171",2.66,36,270.3,539,127,36,8.3,27.03,90,12.82,17
"385","34",0.8,177,55.8,92,180,64,7.5,5.58,482,8.22,145
"386","88",1.61,95,278.3,562,293,23,8.2,27.83,15,11.02,29
"387","10",1.53,257,97.6,133,299,74,7.5,9.76,234,14.77,63
"388","12",1.35,217,93,147,232,80,7.2,9.3,322,13.7,54
"389","172",1.52,146,76.2,239,390,127,6.3,7.62,99,13.44,51
"390","Nouvelle",1.15,289,44.4,116,323,163,5.4,4.44,109,9.8,64
"391","153",0.89,275,35,103,290,290,5.6,3.5,41,10.12,77
"392","442",0.76,222,43.3,110,209,408,7.5,4.33,50,6.07,49
"393","323",1.43,201,70,171,305,137,6,7,186,13.46,39
"394","249",0.81,312,35.2,85,307,191,5.8,3.52,105,6.44,48
"395","89",1.39,278,67,140,302,218,6.3,6.7,63,12.84,51
"396","322",1.53,98,190.9,428,169,60,8.3,19.09,48,12.15,62
"397","485",2.1,118,268.6,497,233,32,8.1,26.86,16,14.98,10
"398","269",1.31,355,75.6,100,233,196,6.7,7.56,116,11.96,48
"399","555",1.09,197,65.9,114,189,278,5.3,6.59,222,9.52,16
"400","60",1.78,141,122.2,195,288,117,6.4,12.22,259,14.66,142
"401","276",3.45,135,189.6,336,439,39,7.8,18.96,26,29.71,45
"402","467",2.44,140,93.9,125,257,150,5.8,9.39,327,23.61,51
"403","50",1.44,78,96.9,101,107,157,5.2,9.69,556,8.11,89
"404","463",1.61,188,87.8,115,204,199,6.4,8.78,294,14.73,116
"405","275",2.9,144,190.1,292,160,132,8,19.01,148,25.55,41
"406","260",1.05,35,136.2,364,178,20,8.3,13.62,22,7.37,20
"407","268",2.64,30,190.5,358,138,14,8,19.05,84,25.14,74
"408","51",1.96,118,109.2,201,140,213,8.1,10.92,135,17.73,11
"409","273",1.98,135,113.1,167,159,318,8.1,11.31,115,17.15,30
"410","187",1.38,73,NA,55,86,169,6.7,7.74,617,10.53,23
"411","186",1.55,102,100.1,162,123,173,8.1,10.01,409,12.83,79
"412","208",1.8,80,234.8,505,200,99,6.8,23.48,117,14.11,216
"413","55",1.55,87,83.5,86,102,324,7.4,8.35,398,14.32,145
"414","259",2.48,72,189,368,116,63,8.1,18.9,89,23.66,96
"415","256",1.05,125,77.2,112,117,217,6.1,7.72,429,9.98,35
"416","464",0.93,471,60.1,107,231,165,6.2,6.01,26,8.58,126
"417","277",0.99,249,46.7,73,99,472,7.5,4.67,103,7.88,121
"418","267",0.97,129,172.5,240,183,144,7.5,17.25,298,9.56,44
"419","270",0.92,101,89.3,161,85,174,8.3,8.93,103,7.93,48
"420","278",2.3,85,134,184,146,97,7.8,13.4,141,20.99,191
"421","266",0.9,425,81.8,159,180,213,6.3,8.18,23,8.15,72
"422","62",1.23,121,83.7,151,162,126,7.8,8.37,435,11.76,70
"423","7",1.7,316,127.3,203,151,260,7.7,12.73,64,15.67,126
"424","52",1.64,319,114.2,180,189,200,7.3,11.42,109,14.59,264
"425","61",3.48,157,174.4,257,156,104,7.9,17.44,129,34.1,96
"426","258",0.98,334,55.5,91,202,222,6.4,5.55,152,10.35,70
"427","274",1.4,90,76.6,144,152,161,8.3,7.66,151,13.63,19
