"","id_parcelle","Soil_Sand_content","Soil_Silt_content","Soil_Clay_content","Soil_Nitrogen","Soil_CEC","Soil_organic_carbon_content","Soil_Ph_h2o","Soil_Bulk_density","temp_moy_an","temp_range_an","precip_an","precip_season","xPCA_pays","ShannonCultureTOT","Bordure_Adj_BandeHerbeuse","Bordure_Adj_Zone_humide","Bordure_Adj_Prairie","Bordure_Adj_Autres","Bordure_Adj_HaieBois","Bordure_Adj_BatiRoute","Bordure_Adj_Culture","region_biogeo"
"1","1",129,682,188,112,77.4,101.2,65,128,11.9,22.9,821,21,1.49252592732606,1.55169187657222,1,0,0,0,1,1,1,"ZSO"
"2","2",178,491,327,220,178.4,201.3,73,140,10.7,24.1,894,12,1.90721106273383,1.410903876424,0,0,0,0,0,1,1,"ZNE"
"3","3",251,395,219,106,96.7,87.3,85,133,15.3,22.6,675,36,-2.97368812694648,1.7691492445302,0,0,0,0,0,1,1,"ZM"
"4","4",458,312,151,76,66.1,68.2,85,137,15.3,21.8,662,36,-1.0708828426477,1.87707252117483,0,1,0,0,0,1,0,"ZM"
"5","5",860,103,25,158,69.1,159.5,76,133.842043941324,11.1,22.9,646,11,-0.503318935375651,1.62879063721921,1,0,0,0,1,1,1,"BPN"
"6","6",141,536,266,224,206,334,76,128,12.1,22.8,769,19,-0.512647814057559,1.68550641044887,2,0,0,0,1,1,1,"ZSO"
"7","7",324,467,203,170,127.3,156.7,77,133,12.3,25.8,974,15,-0.762940592904223,1.44644552294099,1,0,0,0,0,1,1,"BRSJ"
"8","8",412,458,93,108,73.5,97,79,136,10.9,19.1,801,18,2.0865082152325,1.54993475812585,0,0,1,0,0,1,1,"BPN"
"9","9",514,404,79,114,53.9,105.2,76,137,11.3,23.2,634,10,-0.287559494601613,1.19786320712521,3,0,0,0,0,1,1,"BPS"
"10","10",308,556,133,153,97.6,147.7,75,140,12,22.9,752,14,0.868882328871361,1.60131518313839,0,0,0,0,0,1,1,"BPS"
"11","11",127,645,217,161,143,123.6,80,133.988278529372,10.4,21,822,17,1.897326123846,1.53540416372698,0,0,1,0,1,1,0,"BPN"
"12","12",402,449,147,135,93,137,72,140,12,22.9,746,15,0.123887841127179,1.59254349789293,0,0,0,0,1,1,1,"BPS"
"13","13",82,738,153,306,230,290,65,140,10.3,21.3,726,15,0.720323151461031,1.38435545939581,0,0,1,0,1,0,0,"BPN"
"14","14",158,606,234,238,143.4,216.8,69,140,10.5,24.1,955,12,1.59940264315405,1.49248048795975,0,0,1,0,1,1,0,"ZNE"
"15","15",342,432,209,210,205,196,71,140,11.9,23,625,14,1.38408961444612,1.61090970127863,0,0,1,0,0,1,1,"BPS"
"16","16",279,508,125,286,211,231,66,140,11.4,22.8,700,13,1.36304538588677,1.52365853159034,2,0,0,0,1,1,1,"BPS"
"17","17",909,44,45,61,40.2,58.3,79,136,12.2,22.9,633,13,-1.16108666980084,1.74149580387259,4,0,0,0,1,1,0,"BPS"
"18","18",458,228,230,187,205,252,67,129,12.1,22.4,629,17,-2.04760621048267,1.57331529331712,1,1,0,0,0,1,1,"BPS"
"19","19",190,555,253,134,166,116.5,59,127,11.2,23,648,10,1.98692433311553,1.42360940345836,0,0,0,0,0,1,1,"BPS"
"20","20",445,344,165,280,215,267,68,139,12,23.3,777,9,0.953636494442475,1.26864398538676,0,0,0,0,0,1,0,"BPS"
"21","21",68,594,291,242,180,337,74,136,11,24.2,674,12,0.46330875082224,1.52817861938903,1,0,0,0,0,1,1,"ZNE"
"22","22",62,469,412,185,236.6,115.9,83,140,13.6,24.1,796,13,0.718661694782379,1.87265333779127,0,0,0,0,0,0,0,"ZSO"
"23","23",97,518,267,168,155.3,159.2,82,140,11.3,23.4,644,10,2.22805251604852,1.41002228954003,1,0,0,1,0,1,1,"BPS"
"24","24",355,235,253,225,164,243.4,82,130,10.8,23.3,659,13,-3.22507360118013,0.333266548765458,4,1,0,0,1,1,1,"ZNE"
"25","25",312,534,153,200,99.6,211.5,64,123,11.6,17.3,877,30,-0.890193369724493,1.13507279772928,0,0,0,0,1,1,1,"MA"
"26","26",98,634,179,340,168,249,64,137,10.9,22.8,621,9,3.4942266545001,1.15838988975252,0,0,0,0,0,1,0,"BPS"
"27","27",132,733,132,115,95.3,103.7,64,130,10.8,22.7,606,10,0.885928838102626,1.25592623822403,2,0,0,0,0,1,0,"BPS"
"28","28",42,764,190,119,114.6,106.9,65,140,10.9,22.9,622,8,3.16282576354002,1.38171151208815,1,0,0,0,0,1,0,"BPS"
"29","29",313,320,180,103,81.4,92.7,86,130,11.3,25.8,742,18,-0.477328315347175,0.928666007399106,1,0,0,0,1,1,0,"ZNE"
"30","30",361,508,129,116,85.3,104.8,72,134,11,23.1,649,13,2.91645862305024,1.17483177013533,1,0,0,0,0,1,1,"BPN"
"31","31",106,633,257,133,170,107,77,137,10.9,23.2,671,12,2.08032135916435,1.20198587326741,0,0,0,0,0,1,1,"ZNE"
"32","32",86,641,269,179,182.2,159.4,76,136,11.3,23.1,625,10,2.9147019402466,1.46381251008241,0,0,1,0,1,0,1,"BPS"
"33","33",285,457,187,200,200,151,72,140,11.9,23,644,14,1.37113421548205,1.40171050249074,0,0,0,0,1,1,1,"BPS"
"34","34",546,357,92,80,55.8,82.2,75,135,13.1,20.6,849,26,0.463204431917389,1.79352152210032,1,0,0,0,0,1,1,"ZSO"
"35","35",188,649,163,122,117.8,123.7,68,131,11.5,22.6,819,19,-0.0644882925682562,1.39612498563039,0,1,0,0,1,1,1,"MA"
"36","36",339,393,212,294,202,345,65,132,11.6,22.7,783,17,0.81703641000397,1.50331143784769,0,1,0,0,0,1,1,"BPS"
"37","37",47,711,235,149,151.7,113.5,79,140,10.8,23.2,763,9,1.80128888743639,1.61054360669987,2,0,0,0,1,0,0,"ZNE"
"38","38",248,563,175,126,112.9,110.3,81,140,10.8,22.7,677,11,3.18231385065968,1.61448848492426,0,1,0,0,0,0,1,"ZNE"
"39","39",311,211,281,188,209.4,173.6,82,137,11.3,23.1,628,9,1.9833791634871,1.38308904099468,0,0,0,0,0,1,1,"BPS"
"40","40",281,590,126,125,94.2,105.7,76,134,11,23.1,669,13,0.384936638063833,1.49144926714628,1,0,0,0,0,1,1,"ZNE"
"41","41",665,212,119,90,88.8,102.6,72,134,11.6,23.3,639,10,-0.677788591879764,1.93445738319042,0,0,0,0,0,1,1,"BPS"
"42","42",613,292,90,139,78.8,171.3,73,117,12.4,15.5,839,28,-1.58631959516643,1.64591584482788,1,1,1,0,1,1,1,"MA"
"43","43",208,440,302,260,213,335,76,135,12.7,22.4,881,26,-1.54178977783265,1.17374679925566,1,0,0,0,0,0,1,"ZSO"
"44","44",315,336,347,267,242.7,154.8,72,133,11.7,22.8,638,13,-1.24741025118225,1.70484086986655,0,0,0,0,0,1,1,"BPS"
"45","45",671,260,69,119,53.2,102,66,133,11.6,22.8,699,12,-0.84815188362228,1.65510954300519,0,0,0,0,0,1,1,"BPS"
"46","46",29,240,275,294,181.4,268.5,80,128,12.1,22.9,765,19,1.05519447081387,1.36797258434086,0,0,2,0,0,1,1,"ZSO"
"47","47",50,274,436,279,208.9,196.4,85,140,11.9,23.4,713,10,2.05242272551863,1.09352477140124,0,0,0,0,0,1,0,"BPS"
"48","48",18,40,340,195,207.9,143,82,140,11.4,23.4,662,10,2.87957003034824,1.12769738365506,1,0,0,0,0,1,1,"BPS"
"49","49",239,290,335,153,186.3,140,81,140,10.9,23.1,693,9,1.23977261381565,1.66342797541794,0,0,0,0,1,1,0,"ZNE"
"50","50",713,185,101,144,96.9,81.1,52,129.88542512637,13.4,26.8,875,28,-3.38369275048067,1.34052323561252,1,0,0,0,1,1,1,"ZM"
"51","51",348,258,201,196,109.2,177.3,81,120,12.1,27,1122,8,-1.94768119362611,0.940091842259468,1,0,0,0,0,1,1,"BRSJ"
"52","52",309,508,180,164,114.2,145.9,73,133,12,26,965,15,0.665395407347939,1.62286243694765,1,0,0,0,1,1,1,"BRSJ"
"53","53",179,377,333,192,201.1,202.8,82,140,11.8,22.9,733,16,1.44551030509038,1.61254097007562,0,0,0,0,0,1,1,"BPS"
"54","54",804,118,75,80,66.2,96.5,68,139,12.2,22.9,639,16,-0.294029078080873,1.87658038837583,1,1,0,0,1,1,1,"BPS"
"55","55",722,189,86,155,83.5,143.2,74,135,11.8,26,708,24,-1.37015659575431,1.51354926899377,1,0,0,0,1,1,1,"MC"
"56","56",97,484,388,230,237.4,147.4,83,140,11.5,25,760,14,0.295043948068646,1.46017958528965,0,0,0,0,0,0,1,"BRSJ"
"57","57",96,305,467,253,292.4,165.9,80,135,11.6,25,802,14,-1.68769140244387,1.39508927013267,0,1,0,0,0,0,0,"BRSJ"
"58","58",111,380,432,177,219.7,126.6,84,140,14.2,25,956,32,0.747710107621055,1.80965928111897,1,0,0,0,0,0,0,"ZM"
"59","59",74,666,260,190,146.6,177.4,68,130,11.8,22.8,865,24,1.48867666089281,1.46064908932437,0,0,0,0,1,1,1,"ZSO"
"60","60",376,429,195,178,122.2,146.6,64,139,12.2,26.8,876,20,0.649975729644124,1.6063127604674,2,0,0,0,0,1,1,"BRSJ"
"61","61",233,313,257,348,174.4,341,79,134,12.8,26.5,966,12,0.170773580199148,0.787074166688186,2,0,0,0,0,1,1,"BRSJ"
"62","62",561,283,151,123,83.7,117.6,78,130,12.7,26.3,885,16,-0.368102435007759,1.25292669197734,1,0,0,0,0,1,1,"BRSJ"
"63","63",230,543,165,417,212,325,65,140,11.7,23.2,671,11,0.748338418575359,1.42801655565855,0,0,0,0,0,1,0,"BPS"
"64","64",295,412,230,158,207,287,78,138,15.2,21.6,835,38,-2.99367747811083,1.21181519345153,1,1,0,0,0,0,0,"ZM"
"65","65",142,155,247,90,102,90.1,85,137,14.9,22.2,959,33,-1.77701098434041,1.06480444347357,0,0,0,0,0,1,1,"ZM"
"66","66",754,173,71,85,68.4,97,78,136,15,22.3,873,35,-2.93914175996752,0.988459772425178,0,1,0,0,0,0,1,"ZM"
"67","67",277,540,182,120,97,130.6,72,142,14.4,22.5,916,39,-2.43696309840654,1.30675275889306,1,0,0,0,1,1,0,"ZM"
"68","68",192,642,166,132,83.2,126.5,67,125,11.9,22.9,811,21,1.17533800357367,1.58850490179101,0,1,0,0,1,1,1,"ZSO"
"69","69",24,152,405,351,247,275,82,131,12.6,22.3,784,20,0.939785150072431,1.62699510383706,0,1,0,0,1,1,1,"ZSO"
"70","70",32,316,345,439,225.6,379.2,80,131,12.5,22.5,849,22,1.57890678620998,1.67916633768921,0,0,0,0,0,1,1,"ZSO"
"71","71",211,680,109,110,73.4,94.5,63,116,11.8,12.3,976,31,0.433816779260326,1.52002204680335,0,0,0,0,0,1,1,"MA"
"72","72",481,456,59,124,71.2,115.4,77,128.248454871109,12.1,12.1,887,31,-1.18834547058312,1.05046366610075,0,0,1,0,0,1,0,"MA"
"73","73",360,306,193,168,186,285,73,133,16.7,18.7,734,47,-1.20148697660928,1.2647064095339,0,0,0,0,0,1,0,"C"
"74","74",324,293,242,245,215,345,69,116,16.5,18.4,722,49,-1.65370115249991,0.572664808507528,0,0,0,0,0,1,0,"C"
"75","75",356,517,127,141,100.2,153.2,62,131,11.7,17.2,662,21,-0.160098349558713,1.42652645512443,1,0,0,0,0,1,1,"MA"
"76","76",323,328,175,170,183,261,75,130,17,19.1,725,47,-0.948565445034013,1.4354709929933,0,0,0,0,0,1,1,"C"
"77","78",293,366,193,191,213,358,74,138,16.9,18.2,649,44,-1.94338795425151,1.51535336301672,0,0,0,0,0,1,0,"C"
"78","79",344,305,163,198,185,308,72,131,17,18.6,757,46,-1.47597344196994,0.856741524302313,0,0,0,0,0,1,0,"C"
"79","80",339,307,206,210,200,336,69,131,16.5,18.5,741,49,-2.08894115684745,1.25616883372647,0,0,1,0,0,0,0,"C"
"80","81",332,307,205,170,205,307,69,133,16.8,18.5,738,48,-2.15721303053391,1.25969978218831,0,0,1,0,0,0,0,"C"
"81","82",277,304,270,190,235,412,74,138,16.9,18,603,45,-1.60842935096035,0.876802459081349,0,0,0,0,0,1,0,"C"
"82","83",384,285,156,158,169,260,73,133,16.6,18.7,822,47,-1.47960627164841,0.867087887340851,0,0,0,0,1,0,0,"C"
"83","84",368,296,156,200,182,285,71,130,16.6,18.7,815,47,-1.55141149476243,1.07512680564517,0,0,0,0,1,0,0,"C"
"84","85",23,210,482,366,244,283.2,82,133,12.6,22.1,851,25,1.3451222964554,1.62629859665235,0,0,1,0,1,1,1,"ZSO"
"85","86",79,676,244,169,94.3,150,63,134,11.8,22.8,886,22,0.784859579742491,1.52040622238069,0,0,0,0,1,1,1,"ZSO"
"86","87",328,292,255,190,230,400,73,138,16.9,18,614,46,-1.72302961588555,0.932478392753047,0,0,0,0,0,1,0,"C"
"87","88",38,388,562,161,278.3,110.2,82,130,12.9,22.7,796,22,-0.47551886870184,1.7589440545895,1,1,0,0,0,1,1,"ZSO"
"88","89",281,580,140,139,67,128.4,63,132,13.6,24.2,871,15,-1.49988196887433,1.69578208988513,0,0,1,0,1,1,1,"ZSO"
"89","90",695,198,107,113,76.7,128.7,64,136,11.8,22.9,779,14,-1.20914881045003,1.78579167077714,2,1,0,0,1,1,1,"BPS"
"90","91",73,797,130,139,93.8,118.8,68,140,10.6,21.8,683,13,2.27930939378351,1.43910052608546,0,0,1,0,1,1,1,"BPN"
"91","92",16,130,374,378,191.6,336.8,82,131,12.5,22.9,718,22,1.18742671119518,1.82666065324698,1,0,0,0,1,1,1,"ZSO"
"92","93",293,167,534,253,283.6,183,80,140,12,23.4,734,10,1.50776522058399,1.39645407805002,0,1,0,0,0,0,0,"BPS"
"93","94",78,776,145,158,102.1,137.1,70,136,11.1,18,678,15,3.32402087599607,1.53485314561034,0,0,0,0,0,1,1,"BPN"
"94","95",125,681,155,400,197,412,65,131,11.1,18,678,15,2.18726698196734,1.64271335953722,0,0,0,0,1,1,1,"BPN"
"95","96",161,674,162,129,124.9,117.2,73,130,11.4,23.1,639,11,2.63942746799713,1.50087327577755,0,0,0,0,0,1,1,"BPS"
"96","97",44,525,242,160,182.2,141.3,82,130,10.9,22.8,634,8,1.60877975932291,1.45628606386497,2,0,0,0,1,1,0,"BPS"
"97","98",417,380,194,176,153.2,181.2,78,137,12,22.6,621,16,-1.57383868030318,1.34102120567521,1,2,0,0,1,1,1,"BPS"
"98","99",681,67,76,322,222,324,52,122,13.9,21.6,984,20,-0.291197098245675,1.62460542378075,0,1,0,0,0,1,0,"ZSO"
"99","100",69,769,153,180,133.2,168.5,81,132,10.8,22.6,573,9,2.57652763674202,1.26693821617626,2,0,0,0,1,1,0,"BPS"
"100","101",18,188,381,323,172.3,275.5,83,130,12.6,23.1,806,19,1.18861355264177,1.64094163258059,0,0,2,0,1,0,1,"ZSO"
"101","102",285,539,176,207,104.7,205.7,68,129,12.1,22.9,718,19,-1.41624649273463,1.48758164273638,0,1,0,0,1,1,1,"ZSO"
"102","103",506,401,91,95,66.8,93.7,79,137,11.3,23.2,666,11,0.714122356171702,1.32070572214034,1,0,0,0,1,1,0,"BPN"
"103","104",187,552,174,279,220,365,77,135,12.8,21.7,821,23,2.36854685799163,1.4478697673953,0,0,0,0,0,1,1,"ZSO"
"104","105",764,105,127,67,98.2,70.5,81,140,12.2,22.9,655,17,-0.745827539805251,1.87737106911849,0,1,0,0,0,1,1,"BPS"
"105","106",195,607,193,157,97.7,179,76,134,10.2,22.7,759,13,0.236041255068303,1.43366758743036,0,0,0,0,0,1,1,"BPS"
"106","107",208,622,170,278,123.9,256.2,58,116,11.7,14.2,1102,30,0.0647470477126153,1.45165365234234,2,1,1,0,1,0,0,"MA"
"107","108",253,261,219,177,146.2,216.8,82,134,10.3,23.3,768,12,-2.73533515593672,0.146315055449102,8,0,0,1,1,1,1,"ZNE"
"108","109",247,197,205,200,138,232.8,82,133,11,23.3,600,11,-2.486190194403,0.903996429789388,8,1,0,0,1,1,1,"ZNE"
"109","110",341,207,264,175,160.9,211.1,81,125,10.5,23.3,698,12,-3.09658648992847,0.38353205336911,8,0,0,0,1,1,1,"ZNE"
"110","111",421,441,137,123,67.4,112.5,55,132,12,22.3,626,14,-3.04171373286517,0.929072520320843,2,0,0,0,0,1,1,"BPS"
"111","112",45,419,173,234,128.5,191,83,137,10.9,18,709,14,3.35267110828168,1.52948406304011,0,0,0,0,0,1,0,"BPN"
"112","113",32,141,91,173,77.7,167.6,82,139,11.1,23.7,641,9,1.86009754609497,1.34330428108415,1,0,0,0,0,1,1,"ZNE"
"113","114",230,228,286,231,187,287.1,81,132.453969476491,11.1,23.4,630,11,-3.96739764516246,0.0893732540423506,8,0,0,0,1,1,1,"ZNE"
"114","115",46,720,228,184,157.4,147.1,81,131,11.2,18.2,660,15,2.85659987011792,1.44912391616862,3,0,0,0,1,1,1,"BPN"
"115","116",72,710,216,137,120.9,119.4,72,133,11.2,18.3,676,15,3.19957404989708,1.37741113120828,1,0,0,0,0,1,1,"BPN"
"116","117",33,243,103,182,78.4,165.9,84,130,11.2,18.2,660,15,3.17976803948492,1.42633993045765,2,0,0,0,0,1,1,"BPN"
"117","118",97,218,424,381,216.2,328.2,82,132,12.6,23.1,748,17,0.149252471902422,1.77651549826381,0,0,0,0,1,1,0,"ZSO"
"118","119",158,522,236,349,208,322,76,133,12.7,20.2,820,27,1.38486641128079,1.60029260022989,0,0,0,0,0,1,1,"ZSO"
"119","120",965,28,4,96,56.4,147.4,75,124,13.6,23.2,919,17,-0.695029014678616,0.985054179310927,0,0,1,0,0,0,0,"ZSO"
"120","121",101,719,180,136,86.7,134,65,125,11.9,22.9,807,20,2.18544105283092,1.47187117874949,0,0,0,0,1,1,1,"ZSO"
"121","122",151,459,250,280,226,389,73,130,13,19.7,748,28,0.227780307814773,1.67198410009442,0,0,0,0,0,1,1,"ZSO"
"122","123",123,674,185,125,108,110.2,78,131,11.4,23,658,9,2.87170067323565,1.08108932689032,0,0,0,0,0,1,1,"BPS"
"123","124",73,674,252,126,136.2,102.8,65,130,10.8,25.2,793,14,-0.609501279749145,1.2832187991159,0,1,0,0,1,1,0,"ZNE"
"124","125",310,451,196,210,186,200,68,139,11.9,23,686,14,-1.52553434157391,1.4849817763305,0,0,0,0,0,0,1,"BPS"
"125","126",156,535,301,147,207.6,134.5,81,137,11.3,23.3,634,9,1.69488928575551,1.35865325929554,0,0,0,0,0,1,1,"BPS"
"126","127",26,580,321,163,182,136.6,85,136,11.3,23.1,632,10,1.96349255157684,1.34978001853752,0,0,0,0,0,1,1,"BPS"
"127","128",72,412,479,206,353.9,149.1,83,130,11.3,23.1,615,10,2.08567046901589,1.3380659620547,0,0,0,0,0,1,1,"BPS"
"128","129",204,572,223,117,132.7,92.1,57,140,11.3,23.2,637,9,2.71556535637106,1.44980615079826,0,0,0,0,0,1,1,"BPS"
"129","130",100,743,155,183,93.8,171.8,58,122,11.8,18.3,840,27,-0.440008059811932,1.31984003889786,0,1,1,0,1,1,1,"MA"
"130","131",76,744,176,117,111,99.8,76,140,10.6,21.8,674,13,2.06608794971355,1.33103167112354,0,0,1,1,0,1,0,"BPN"
"131","132",517,109,358,144,245.7,94.5,80,140,11.5,23.6,647,9,0.0893613717981357,1.39375498723898,0,0,2,0,0,1,1,"BPS"
"132","133",250,557,184,118,118.1,98.1,80,140,10.8,22.7,708,11,3.92037332341483,1.44142074288538,0,0,0,0,0,0,1,"ZNE"
"133","134",271,562,167,142,84.2,110.8,53,142,13.9,24.5,641,12,-1.06178135546684,1.81025604882823,0,0,0,0,0,1,1,"ZSO"
"134","135",300,501,194,151,87.7,135.1,75,130,12.6,20.5,796,26,0.423863796763962,1.42795875636193,1,2,1,0,0,1,1,"ZSO"
"135","136",267,488,165,288,211,290,59,130,11.7,21.1,676,20,0.741094036233513,1.39293958832563,0,0,1,0,1,0,1,"MA"
"136","137",213,540,184,275,207,298,61,129,11.5,20.9,780,20,0.155989863997605,1.17405608460426,0,0,1,0,1,1,0,"MA"
"137","138",304,531,120,281,215,307,56,124,11.7,20.8,792,22,1.21670523733661,1.59149089556888,0,0,0,0,1,1,1,"MA"
"138","139",500,384,116,165,60.1,147.5,57,125,11.9,21.7,646,19,0.992826673739724,1.30797899951754,1,2,1,0,1,1,1,"MA"
"139","140",185,690,126,200,94.5,170.8,63,133,11.5,21.3,773,20,1.17712204553656,1.25694613358407,0,0,0,0,0,1,1,"MA"
"140","141",169,668,163,235,99.9,193.1,68,133,11.5,21.4,746,20,0.537608843031082,1.36165153716,0,0,0,0,1,1,0,"MA"
"141","142",616,130,249,145,161,120.9,78,138,11.7,22.6,642,14,1.09229913416922,1.59047829315438,0,0,0,0,0,0,0,"BPS"
"142","143",528,277,187,198,135.6,176.6,78,129,11.2,25.4,832,16,-2.81281446214863,1.63275894040037,0,1,0,0,0,1,0,"ZNE"
"143","144",112,715,169,102,99.5,92.6,78,140,10.8,22.5,642,11,0.0601358930919435,1.42302659275898,1,0,0,0,0,1,1,"BPN"
"144","145",325,425,170,260,211,253,66,140,11.8,22.9,645,14,-0.632954458547453,1.68132092790101,2,0,2,1,1,1,1,"BPS"
"145","146",310,327,250,169,180,330,72,129,11.3,25.7,728,21,-0.43320731745009,1.36703500103354,0,0,0,0,1,1,1,"ZNE"
"146","147",65,660,256,169,177.3,156.3,86,140,11,23.1,601,8,2.76102676013986,1.24455059395927,1,0,0,0,1,1,1,"BPS"
"147","150",236,470,260,326,210,428,57,132,12.5,24.9,1133,17,-1.6402880461865,0.715417151594757,0,0,0,0,0,1,1,"ZSO"
"148","151",452,402,147,123,81.9,100.6,61,138,13.7,25.4,696,14,-2.1302880450507,1.84148477540294,0,1,0,0,0,1,1,"ZSO"
"149","152",146,508,325,252,206,321,76,141,13.4,24.5,716,16,1.63209291807112,1.75209934870526,0,0,0,0,0,0,1,"ZSO"
"150","153",331,565,103,89,35,101.2,56,123,13.7,24,950,18,-1.19838735000133,1.77803107438142,0,0,1,0,0,0,0,"ZSO"
"151","154",361,548,91,86,45.2,65,67,142,13.4,26,800,13,0.0359566308206554,1.51944170520805,0,0,1,0,0,0,0,"ZSO"
"152","155",106,676,217,178,123.3,162.6,69,137,11.1,22.1,792,19,2.03221428707402,1.56109588592681,0,0,0,1,1,0,1,"MA"
"153","156",87,774,139,140,87.9,115.9,68,136,11.2,22.1,796,18,1.94136035261578,1.38122295993379,0,0,0,0,1,0,1,"BPS"
"154","157",273,476,252,284,118,207.1,68,134,10.8,21.5,787,18,0.978044273812446,1.25686448200345,1,1,0,0,0,0,0,"MA"
"155","158",605,254,141,163,130.7,148.4,65,127,10.7,23.4,1091,11,-0.630665049626849,0.705629435910855,1,0,0,0,1,1,0,"MC"
"156","159",194,644,162,178,80.4,154.2,61,134,11,22,728,19,2.00720560081283,1.45532781871233,0,0,0,0,1,1,1,"MA"
"157","160",624,274,102,136,72.5,132.8,65,131,11.6,23.1,944,14,0.116355189542656,0.980302371885165,0,1,0,0,0,1,1,"MC"
"158","161",266,470,233,234,203,255,67,137,13.8,25.3,696,14,-2.15578930522603,1.66279761895497,0,0,0,0,0,1,1,"ZSO"
"159","162",213,303,398,139,166.7,92.6,83,143,13.6,24.6,618,18,2.19654844858302,1.3809194274402,0,1,0,0,1,1,1,"ZSO"
"160","163",215,643,141,228,88.3,188.2,66,133,11.7,21.4,721,20,0.434736229466471,1.27364493807961,1,0,0,0,1,0,0,"MA"
"161","164",478,382,139,195,76,163.7,54,130,11.4,21.6,765,19,1.07232251771376,1.23275811077988,0,0,2,0,0,0,0,"MA"
"162","165",259,529,206,152,111.4,134.8,77,138,13.5,26.1,760,13,-0.915830819524992,1.49296573405857,0,0,0,1,0,0,1,"ZSO"
"163","166",340,491,151,150,120.3,119.8,81,136,13.6,25.8,761,14,0.439584980164586,1.75727759248697,0,0,0,0,0,1,1,"ZSO"
"164","167",246,488,180,300,212,320,59,132,11.6,21.2,715,21,0.641523010027718,1.22334025698056,0,1,1,0,1,1,0,"MA"
"165","168",359,276,362,241,207.8,188.2,71,137,11,25.1,778,22,-0.0499154263152822,1.47400373012596,0,0,0,0,0,1,0,"MC"
"166","169",251,540,205,141,93.6,108.4,80,131,12.6,20.5,794,26,0.631308048787298,1.32935671693754,0,1,0,0,1,1,1,"ZSO"
"167","170",609,264,125,70,81.8,79.4,76,137,13.8,25.2,732,14,-1.83694025933496,1.63074182861481,0,1,0,1,0,0,1,"ZSO"
"168","171",126,163,539,266,270.3,128.2,83,135,11.3,25,844,25,0.289635649827881,1.5593616930934,0,1,0,0,0,1,0,"MC"
"169","172",226,536,239,152,76.2,134.4,63,133,13.2,24.9,919,17,-0.0868093664727052,1.48116920330017,0,1,0,0,1,0,0,"ZSO"
"170","173",153,491,353,218,161.8,163.1,78,131,12.5,20.7,804,25,-0.562914695671535,1.74500571256604,0,0,0,0,0,1,1,"ZSO"
"171","174",160,391,163,172,117.1,148.9,81,140,10.7,21.5,650,15,1.46631433324832,1.6262203401281,1,0,0,0,0,1,0,"BPN"
"172","175",63,738,177,265,179,190,68,137,11,23,610,10,2.3528674902416,1.24623006717268,0,0,0,0,0,1,1,"BPS"
"173","176",432,362,147,200,200,239,66,134,12.2,23,740,13,0.292932344183013,1.27721355080019,0,0,0,0,0,1,0,"BPS"
"174","177",682,145,57,312,246,365,68,135,13.6,20.9,765,24,-1.70946912595498,0.493227750827081,0,1,0,0,0,0,0,"ZSO"
"175","178",503,257,99,180,212,221,68,136,12.1,22.8,626,15,-2.32570329737545,0.913994074347107,3,0,0,0,1,1,1,"BPS"
"176","179",346,399,169,248,215,326,62,138,11.7,22.8,727,15,-2.15385819238936,0.826306578247444,3,0,3,0,1,1,1,"BPS"
"177","180",206,481,225,196,188,157,70,140,11.9,23,653,14,2.96181481425782,1.4851125498035,1,0,0,0,0,1,1,"BPS"
"178","181",243,534,203,360,215,244,67,140,11.7,23.1,710,13,-1.84463437553718,1.64960154648934,0,0,1,0,1,1,1,"BPS"
"179","182",308,532,158,90,76.5,93.9,77,139,13.6,25.3,822,13,-0.912945668331407,1.62310267002436,0,0,1,0,0,0,1,"ZSO"
"180","183",153,549,298,215,169.2,175.4,66,133,11.8,25.1,794,14,0.294952396955229,1.58502773331412,0,0,0,0,0,0,0,"BRSJ"
"181","184",440,373,187,96,85.3,81.9,61,135,10.3,25.2,797,13,-1.7800354016833,1.47529215823793,0,0,1,0,1,1,0,"ZNE"
"182","185",501,391,106,142,74.9,157.6,68,120,12.1,18.7,765,26,-0.267347576062517,1.00505173045499,0,0,0,0,1,1,1,"MA"
"183","186",582,225,162,155,100.1,128.3,81,138,13.4,26.9,831,30,-3.5136311117445,1.28758067964949,1,0,0,0,0,1,1,"ZM"
"184","187",786,159,55,138,84.4072109289505,105.3,67,133,12.7,26.5,782,27,-3.1558731973077,1.43540899370453,1,0,0,0,0,1,1,"MC"
"185","188",95,707,195,137,126.3,121.4,71,137,11.1,23,633,10,2.36428640882987,1.23175891729844,0,0,0,0,0,1,1,"BPS"
"186","189",300,507,193,209,104.6,167.7,68,127,11.7,19.7,730,17,-1.44432265116193,1.31102012154346,0,0,0,0,0,1,1,"MA"
"187","190",133,632,228,116,126.7,95.5,79,137,11.2,23.3,658,10,3.50578665880618,1.15658750991465,1,0,0,0,0,1,1,"BPS"
"188","191",377,429,194,336,133.9,304.7,54,114,11.5,14.4,1182,30,0.420960960355052,1.42654038251511,1,0,0,0,1,0,0,"MA"
"189","192",407,434,114,241,213,291,64,129,12.3,20.8,745,22,-1.76440872280897,0.977822032860396,0,0,1,0,0,1,1,"MA"
"190","193",180,580,236,146,151.5,116.9,75,137,11.8,23.7,764,10,2.19348559645915,1.41621831022283,0,0,0,0,1,0,0,"BPS"
"191","194",652,144,201,252,124.2,118.2,70,139,11.8,23.7,769,10,2.99657123614359,1.02109323642628,0,0,0,0,1,0,0,"BPS"
"192","195",146,722,116,345,202,318,63,130,11.5,17,680,22,-0.531344918657605,1.26952806955642,1,0,0,0,0,1,1,"MA"
"193","196",389,304,294,87,161.6,63.3,81,138,13.5,25.8,791,17,-0.836344973696586,1.37835368107861,0,0,0,0,0,1,1,"ZSO"
"194","197",562,237,179,67,134.5,45.4,85,137,13.5,25.8,791,17,-1.05664015750405,1.28337756667929,0,1,0,0,0,0,1,"ZSO"
"195","198",175,498,215,300,209,187,75,134,10.7,22.1,640,11,2.24663215447139,1.3668206120068,0,0,1,0,0,1,1,"BPN"
"196","199",372,476,145,172,115.1,137.5,74,126,11.6,17.1,678,22,0.49764955184294,1.56889621286389,1,1,0,0,1,0,0,"MA"
"197","200",124,721,152,143,103.4,130.9,74,135,10.7,22.1,640,11,1.69644362732988,1.38399920334047,0,0,1,0,0,1,1,"BPN"
"198","201",261,581,158,193,86.1,191.7,64,126,11.5,20.3,760,21,0.291813160292164,1.2460831293324,1,1,1,0,1,0,1,"MA"
"199","202",105,182,147,224,116.8,226.1,81,140,11.2,23.9,653,9,0.369391992274828,1.38618502189477,0,0,0,1,1,1,1,"ZNE"
"200","203",260,399,258,228,194,285,78,130,14.6,23.2,740,37,-1.92122338632149,0.98278560688638,0,0,0,0,0,0,1,"ZM"
"201","204",136,524,318,300,222,319,77,133,12.6,22.3,812,20,1.31842496149923,1.56138225734573,0,0,1,0,1,1,1,"ZSO"
"202","205",315,589,94,105,62.3,88.6,68,120,11.5,12.8,798,30,-0.743641348355532,1.4208675749241,0,0,0,0,1,0,0,"MA"
"203","206",249,540,146,400,228,342,63,126,11.4,12.7,785,30,0.318093142454468,1.17772061359021,0,0,0,0,1,0,0,"MA"
"204","207",307,598,93,102,64.6,91,65,125,11.2,12.7,821,30,-0.764416362506976,1.5559909533779,0,0,0,0,1,0,0,"MA"
"205","208",216,280,505,180,234.8,141.1,68,131,11.9,25.7,746,19,-2.15782664260621,1.37421463552964,0,0,0,0,1,1,1,"MC"
"206","209",120,563,315,197,166,168.9,71,140,10.1,24.1,775,12,2.29275659477337,1.47242565760411,4,0,0,0,1,1,1,"ZNE"
"207","210",10,190,577,263,238.1,204.3,82,137,11.7,25,798,15,1.30731218333853,1.67672817722691,0,0,0,0,1,0,0,"BRSJ"
"208","211",61,687,246,236,192.5,199.9,77,140,10.1,24.1,775,12,1.06589386872836,1.46765992708323,4,0,0,0,0,1,1,"ZNE"
"209","212",134,731,134,174,82.8,145.9,71,135,11.7,19.4,693,17,0.190118503174258,1.42390768919419,1,0,0,0,0,1,0,"MA"
"210","213",208,603,178,366,211,346,55,112,13.7,23.9,1018,14,-0.107620355322143,1.57431526749656,0,0,0,0,0,1,0,"ZSO"
"211","214",439,376,157,133,104.1,123.9,81,142,13.4,23.4,876,16,-1.48908317774138,0.341778258686273,0,1,0,0,0,0,0,"ZSO"
"212","215",299,457,197,400,177,430,59,117,14.4,22.7,1315,22,-0.0543818173295112,1.43383210840239,0,0,1,0,0,0,0,"ZSO"
"213","216",191,542,265,267,108,213.8,58,115,11.4,14,1021,33,-0.2833911137318,1.19523252630712,4,1,4,0,1,0,1,"MA"
"214","217",199,493,215,259,117.8,250.2,83,110,11.9,12.6,980,32,-3.74140487074324,0.254228288691291,1,0,3,0,1,1,0,"MA"
"215","218",186,635,177,129,111.4,119.2,79,135,11.2,23,638,10,2.00083525170849,1.59086888090903,1,0,0,0,1,1,0,"BPN"
"216","219",225,580,192,124,115.4,107.5,74,138,10.9,22.8,710,13,1.90571028250709,1.22481691513458,1,1,0,0,0,1,0,"ZNE"
"217","220",255,650,94,111,73.5,96.2,66,135,10.7,16.6,863,23,2.35950579315599,1.72160102715313,0,0,0,0,0,0,1,"BPN"
"218","221",235,397,356,212,202.8,160.5,82,135,11.8,23.7,744,10,2.65726624728735,1.30666462278871,0,0,0,0,0,1,0,"BPS"
"219","222",682,223,94,70,56.5,61.5,69,128,12.2,20.8,816,24,-2.16135503905079,0.89398153113629,0,0,0,0,0,1,1,"MA"
"220","223",254,561,167,320,198,400,55,123,13.7,24.3,1167,18,0.278066285154861,1.28349532343403,1,0,0,0,0,0,0,"ZSO"
"221","224",228,484,190,375,183,314,69,133,11,23.3,612,12,-2.68121749702427,0.720507986552212,4,0,0,0,0,1,1,"ZNE"
"222","225",400,229,236,226,174,258.9,81,134,11.1,23.3,602,12,-2.16585039879352,1.10001577335757,2,0,2,0,1,1,1,"ZNE"
"223","226",145,548,308,175,106.8,174.9,55,135,11.8,22.8,869,22,1.96609226811718,1.38235524413772,0,1,0,0,1,1,1,"ZSO"
"224","228",78,751,171,116,101.9,102.8,68,130,11.3,18.3,657,16,3.02554285253359,1.484340856671,1,0,0,0,0,1,1,"BPN"
"225","229",127,529,258,270,202,305,72,136,10.9,23.2,700,9,-3.68064450715516,1.52101332338977,0,0,0,0,0,1,0,"ZNE"
"226","230",16,131,90,178,91.3,171.1,82,137,11.3,23.9,638,10,2.02358219541784,1.54702635668099,1,0,0,0,1,1,1,"ZNE"
"227","231",104,721,150,250,206,159,73,140,10.5,21.1,742,15,3.1377458240096,1.65447298058728,0,0,0,0,0,0,0,"BPN"
"228","232",267,609,121,243,119.2,237.2,74,140,10.2,21.7,665,14,0.56550468812839,1.44116188533788,0,0,1,0,0,0,0,"BPN"
"229","233",269,490,167,288,211,290,59,129,11.7,21.1,676,20,0.718843522226789,1.38974195773466,0,0,0,0,0,0,0,"MA"
"230","234",217,548,180,300,211,294,60,127,11.4,20.8,806,20,0.318455723104098,1.38364562671281,0,0,0,0,0,0,0,"MA"
"231","235",93,507,336,194,150.4,167.7,80,130,9.6,23.2,1056,13,0.545756754989893,1.39349963839143,0,0,2,0,0,1,0,"ZNE"
"232","236",519,346,100,159,206,170,62,136,12.2,22.7,578,12,-1.09119979665048,1.91100809749322,1,1,0,0,1,1,1,"BPS"
"233","237",629,288,79,88,54.6,116.3,75,140,11.4,23.6,731,11,-0.286730333457814,1.32940449785501,0,1,0,0,1,1,0,"BPS"
"234","238",645,211,134,102,98.8,86.4,81,136,11.7,22.7,664,14,1.43733070470076,1.71124050444765,1,0,0,0,0,1,1,"BPS"
"235","239",489,313,104,432,208,339,61,129,13.9,23.9,889,15,-0.141512643135302,1.23415053291762,0,0,0,0,0,1,1,"ZSO"
"236","240",359,264,377,203,279.1,142.5,67,136,11.7,24.8,738,24,0.937820252567395,1.59918160155546,0,0,0,0,0,1,0,"MC"
"237","241",378,479,144,123,69.1,116.4,54,140,13.6,25.9,779,14,0.877339552056224,1.69759987921313,0,1,0,0,0,0,1,"ZSO"
"238","242",612,260,128,164,81.7,138.5,65,133,11.4,23.3,1025,13,-0.039113969612568,0.956711737523243,0,1,0,0,1,1,1,"MC"
"239","243",546,335,118,201,97.6,190.1,70,136,11.3,23.3,893,10,-1.12146792815889,0.69562077360501,2,1,0,0,1,1,0,"MC"
"240","244",466,349,177,144,121,126.8,79,135,11.1,23.3,995,10,-1.17571615332613,0.985793081029114,2,1,2,0,0,1,0,"MC"
"241","245",53,376,563,387,239.5,207.3,76,130,12.4,20.8,814,27,-0.0827544654035476,1.67453503295963,0,0,0,0,1,1,1,"ZSO"
"242","246",107,406,468,836,291.7,473.9,74,130,12.4,20.8,814,27,0.156405259938145,1.67020576304097,0,1,0,0,1,0,0,"ZSO"
"243","247",232,503,239,285,206,329,60,129,13.2,24.9,905,18,-0.214107943552257,1.52509609405789,0,0,0,0,0,1,1,"ZSO"
"244","248",91,453,266,297,146.2,246.2,84,130,12.4,20.7,850,26,0.458743619038586,1.7564513873646,2,0,0,0,1,1,1,"ZSO"
"245","249",296,619,85,81,35.2,64.4,58,123,13.7,23.9,943,18,-0.948674070562811,1.64868009922695,0,0,0,0,0,0,1,"ZSO"
"246","250",525,335,138,77,81.5,75.4,76,135,13.7,25.4,755,14,0.412219509261048,1.49790774329267,0,0,0,0,1,1,1,"ZSO"
"247","251",591,267,141,122,79.7,117.9,60,136,11.3,23.2,1008,13,0.0246625046288316,0.860414476245313,1,1,1,0,0,1,1,"MC"
"248","252",91,796,113,122,69.7,113.7,56,131,11.2,23,653,11,2.87038745509378,1.22319409112197,0,0,0,0,1,1,1,"BPS"
"249","253",109,384,177,254,152.2,233.7,82,140,10.6,21.6,597,12,2.41779404189328,1.44262359249104,0,0,1,0,1,0,0,"BPN"
"250","254",112,217,503,220,242.2,199,84,137,11,25.1,778,22,0.148795765237389,1.51911564236858,1,0,0,0,0,0,0,"MC"
"251","255",16,356,199,215,132.3,194.3,81,140,10.7,23.8,749,11,2.45731775830673,1.48469557823937,0,0,1,0,1,1,0,"ZNE"
"252","256",646,242,112,105,77.2,99.8,61,135,12,25.6,747,14,-2.18386760709932,0.721420710945344,2,0,1,0,1,1,1,"MC"
"253","257",429,338,145,243,220,379,66,125,11.5,25.5,833,17,-2.70492910606518,0.288842031501021,1,1,0,0,0,1,1,"MC"
"254","258",374,536,91,98,55.5,103.5,64,132.337080686421,12.5,26.3,928,17,-1.06910555129192,1.30493079723886,1,0,0,0,1,1,1,"BRSJ"
"255","259",152,188,368,248,189,236.6,81,134,13,27.3,708,25,-1.08296884974206,1.82180521234869,1,0,0,0,1,0,0,"A"
"256","260",42,213,364,105,136.2,73.7,83,129,12.9,27.4,693,23,-2.64387958892097,0.791988127012361,1,0,0,0,0,0,1,"A"
"257","261",377,397,157,235,186,322,68,137,13.8,27.2,900,23,0.776910943102546,1.85049311757392,2,1,0,0,1,1,0,"ZM"
"258","262",55,55,29,262,76.7,236.3,86,138,11.9,23.8,727,10,-0.0902425026682082,1.24657009231638,0,0,0,0,1,0,0,"BPS"
"259","263",221,634,144,142,83.7,121.7,68,126,11.9,19.1,669,19,-0.520868,1.258882,1,1,0,0,1,0,1,"MA"
"260","264",292,504,203,208,98.6,167.1,69,125,11.8,19.4,716,18,-2.42719907117198,1.11028727876953,0,0,2,0,1,1,0,"MA"
"261","265",501,355,143,264,113.8,300.5,61,110,9.9,24.8,1416,17,-0.987453143192713,0.843901052107137,0,0,1,0,0,0,0,"MC"
"262","266",236,605,159,90,81.8,81.5,63,133,12.3,25.9,986,15,-0.876055192937531,1.34264707119819,1,0,0,0,0,1,1,"BRSJ"
"263","267",442,312,240,97,172.5,95.6,75,133,11.9,25.7,904,16,-2.74092504118665,1.31284725379847,1,0,0,1,1,1,1,"BRSJ"
"264","268",98,168,358,264,190.5,251.4,80,131,12.9,27.5,659,23,-2.23584707214334,1.43915565570038,1,0,0,0,0,0,1,"A"
"265","269",312,588,100,131,75.6,119.6,67,136,12.7,26.8,888,17,0.513646688954174,1.84681139215135,1,0,0,0,1,0,1,"BRSJ"
"266","270",277,186,161,92,89.3,79.3,83,137,13.6,27.3,914,23,-1.71295636649284,2.01523217213061,1,0,0,0,0,1,1,"ZM"
"267","271",39,154,185,284,128.2,252.4,79,136,10.5,24.2,793,11,-0.310914996874523,1.54851839714324,2,1,0,0,1,0,0,"ZNE"
"268","272",283,406,195,170,205,200,78,130,14.9,24.3,718,32,-2.1638045791705,0.762695671211874,0,1,0,0,0,0,0,"ZM"
"269","273",433,294,167,198,113.1,171.5,81,120,12,27.5,1002,12,-2.14779729136914,0.819416593786615,1,0,0,0,1,1,1,"A"
"270","274",312,242,144,140,76.6,136.3,83,133,12.8,26.2,825,15,-1.50005401684893,1.45615429138639,1,0,0,0,1,1,1,"BRSJ"
"271","275",280,304,292,290,190.1,255.5,80,110,11,26.9,1290,8,-2.0427081791721,1.04178226075044,1,0,0,0,1,1,0,"BRSJ"
"272","276",65,574,336,345,189.6,297.1,78,139,12.7,26.8,799,20,-2.39876739957111,1.35141217927122,0,0,0,0,1,1,1,"BRSJ"
"273","277",575,348,73,99,46.7,78.8,75,139,12.6,26.2,860,19,-2.21043822755579,1.85695505255146,1,0,0,0,1,1,0,"BRSJ"
"274","278",238,231,184,230,134,209.9,78,133,13.1,27.2,991,19,0.0650972040051569,1.68191098703974,1,0,0,0,1,1,1,"ZM"
"275","279",70,728,169,290,216,157,74,140,10.4,21.6,736,13,1.87463616299785,1.24859527194998,0,0,1,0,1,1,1,"BPN"
"276","280",61,78,106,177,77.4,199.8,84,134,10.9,23.3,643,10,-0.766248887098685,1.62930828694857,0,0,0,0,0,1,1,"ZNE"
"277","281",249,373,263,281,215,307,75,133,10.9,23.3,643,10,-0.951336398222562,1.28290944442797,0,0,0,0,0,0,1,"ZNE"
"278","282",18,173,133,219,108.6,214.7,82,140,11,24,643,11,1.70667428700663,1.7260816678154,1,0,1,0,0,1,1,"ZNE"
"279","283",384,368,217,117,120.4,88.2,79,131,10.9,23,676,12,0.46956782292405,1.42242521188046,2,0,0,0,0,1,0,"ZNE"
"280","284",123,752,123,148,88.9,135.1,77,140,10,21.8,803,11,0.555137643214292,1.55319042053913,0,0,2,0,1,0,1,"BPN"
"281","285",25,564,398,277,196.5,236.6,79,140,10.2,24.3,912,12,0.246913634975061,1.17284680413926,1,0,0,0,1,1,1,"ZNE"
"282","286",263,480,250,149,148.4,115.5,77,138,11.1,23.9,763,11,1.81599163495575,1.34913665206795,0,0,0,0,0,1,0,"ZNE"
"283","287",100,286,188,167,111,138.4,83,140,10.4,21.4,702,15,1.17840669967468,1.57223898449084,0,0,0,0,1,1,0,"BPN"
"284","288",108,629,210,154,118,128.5,82,140,10.8,21.5,639,15,1.96632539622218,1.42388730186309,0,0,0,1,1,1,0,"BPN"
"285","289",38,481,323,145,142.8,111.7,82,123,11.9,17.2,728,17,2.05060760243146,1.32314010839394,0,0,1,0,0,0,1,"MA"
"286","290",575,327,69,92,42.1,65.6,78,136,10.9,19.6,822,19,2.35265193455509,1.51059279271261,0,0,0,0,0,0,1,"BPN"
"287","291",283,507,163,131,101.2,105.8,82,140,10.5,21.6,780,14,0.661518319114711,1.54433007987677,0,0,2,0,1,0,1,"BPN"
"288","292",420,408,156,246,134.5,232.7,77,135,10.9,25.3,826,12,-1.42755369674229,1.38255950374902,0,1,1,0,0,0,0,"ZNE"
"289","293",265,424,190,219,180,325,70,129,11.2,25.5,766,20,-0.320013400340337,0.786198854403682,0,0,0,0,1,1,1,"ZNE"
"290","294",517,358,121,94,86,103.1,73,133,10.8,25.4,731,15,-2.78504800006913,1.23668473690239,1,1,0,0,0,0,1,"ZNE"
"291","295",482,320,197,362,154.1,387.6,64,128,9.5,24.9,1488,17,-0.615747019912327,0.636298821143407,0,0,1,0,0,0,0,"MC"
"292","296",603,260,137,171,119.2,209.9,62,133,10.1,25,1223,20,-1.29657435761692,0.713405527122063,0,0,1,0,0,0,0,"MC"
"293","297",663,114,192,167,112,205.6,82,135,13.6,20.9,776,24,-1.69447865959969,0.431497341300027,0,1,0,0,0,0,0,"ZSO"
"294","298",368,440,191,329,127.3,317.5,54,125.468002450929,11.5,15.1,859,22,-0.858946775067981,1.19245787737801,0.0274948988661081,0,0.397310009718326,0,0,0,0,"BPN"
"295","299",453,318,148,360,216,400,56,117,14.4,23.4,909,18,-0.526507696082549,1.00461407822611,0,0,0,0,1,0,0,"ZSO"
"296","300",49,233,199,96,94.8,75.8,84,140,14.2,25,969,33,-0.900788789859014,1.77863030364571,0,0,0,0,0,1,0,"ZM"
"297","301",319,432,132,260,215,350,73,137,13.4,23.5,733,14,-1.75943849341497,1.34132386885786,0,0,0,0,0,1,0,"ZSO"
"298","302",363,496,142,100,50.9,84.9,60,110,13.9,23.7,1067,17,-0.38426415287126,1.43471155392596,0,0,1,0,0,0,0,"ZSO"
"299","303",178,175,331,185,171,170.6,82,132,15.7,23.4,773,39,-3.10593420786702,0.576748566859243,1,0,0,0,0,0,0,"ZM"
"300","304",692,241,66,45,49.6,58,77,136,15.6,23.6,768,38,-2.3855490752133,0.30689819334117,0,1,0,0,0,0,0,"ZM"
"301","305",297,250,242,94,111.8,75.6,86,144,13.4,23.9,844,13,0.810333092217271,1.67253913026476,0,0,0,0,0,1,1,"ZSO"
"302","306",417,329,243,109,141.1,82.4,82,140,13.4,23.9,832,14,0.826786123720003,1.78873520353538,0,0,0,0,0,1,1,"ZSO"
"303","307",547,334,120,249,126.9,305.7,62,122,11.4,16.5,748,22,-0.733065656964067,1.31557263144546,1,0,0,0,1,1,1,"MA"
"304","308",211,605,185,87,77.4,85.5,60,119,14.5,23.5,1014,18,0.3902817100743,1.34228218136093,1,1,0,0,0,1,0,"ZSO"
"305","309",926,42,33,89,59.4,137.6,61,117,14,20.6,1083,21,0.773663309172174,0.668872740315588,1,0,0,0,1,0,0,"ZSO"
"306","310",193,567,240,158,130.9,132.8,58,140,10.6,24.1,859,11,0.289872348853483,0.942294082667999,0,0,0,0,1,1,1,"ZNE"
"307","311",222,645,133,116,57.8,132,61,120,14.5,22.2,1199,20,-0.636618287273469,0.725380691729728,0,1,0,0,0,1,0,"ZSO"
"308","312",206,563,184,488,235,375,61,120,11.5,15.4,867,25,-0.842735097461464,1.07696011692703,0,0,0,0,1,1,1,"MA"
"309","313",379,309,94,297,214,343,70,138,13.3,23.5,833,14,-1.81659956360537,1.41756309352028,0,0,0,0,0,1,0,"ZSO"
"310","314",223,411,284,360,198,379,70,132,13.3,23.8,785,8,-2.043328782058,0.446400812814017,0,0,1,0,0,0,0,"ZSO"
"311","315",607,258,135,176,95.5,164.1,67,133,11,23.4,993,14,-0.122807821260451,1.03827989614737,0,1,2,0,1,1,0,"MC"
"312","316",574,285,141,174,119.3,163.6,64,130,11.4,23.4,991,15,-0.745207972805676,0.59631891094179,1,0,1,0,1,1,0,"MC"
"313","317",664,227,110,161,111.4,175.8,57,128,11.1,23.4,917,12,-0.792269875219949,0.954103804089862,0,2,2,0,0,1,0,"MC"
"314","318",618,238,144,124,106,105.2,66,136,11.9,23.5,934,12,-0.432776573094645,0.883959202524968,1,0,1,0,0,1,0,"MC"
"315","319",602,248,143,296,135.5,275,76,138,11.5,23.4,817,9,-1.06796697076876,0.626177747702542,1,0,0,0,1,0,1,"MC"
"316","320",683,204,112,147,78.4,155.7,70,134,11.8,23.4,938,18,-1.59438917225743,0.956381896891809,1,0,0,0,1,1,1,"MC"
"317","321",101,766,130,340,208,282,70,136,10.6,19.5,837,17,3.05350667011015,1.52965153084496,0,0,0,0,0,0,1,"BPN"
"318","322",108,267,428,153,190.9,121.5,83,134,13.8,24.1,699,14,0.261809470989526,1.79275965256918,1,0,1,0,0,0,0,"ZSO"
"319","323",323,506,171,143,70,134.6,60,132,13.6,24.8,927,16,-0.30184011609017,1.27817520484681,0,0,0,0,0,1,1,"ZSO"
"320","324",345,442,156,115,84.3,97,83,133,13.9,25.1,612,14,-2.04703130209943,1.7873755579529,0,0,0,0,1,0,0,"ZSO"
"321","325",901,61,35,69,39.8,104.3,81,133,13.7,22.8,864,20,-2.21988418420614,0.812247051648605,0,0,1,0,0,0,0,"ZSO"
"322","326",375.902701353901,307.334238319277,198.567879304344,173.379169055123,146.986276609785,194.278882359557,76.1746403816663,133.094997740438,15.2,21.7,675,39,-2.5742484918181,1.51801361768818,-0.233690457827714,0,0.0306580542055708,0,0,0,0,"ZM"
"323","327",69,385,328,272,190.6,245.1,83,131,10.7,24.3,888,11,0.873503805730202,1.50927671662153,0,0,0,0,1,1,1,"ZNE"
"324","328",154,523,245,332,254,390,60,128,12.2,25.5,973,12,-1.23235127994813,0.910603421981893,0,0,1,0,0,0,1,"BRSJ"
"325","329",56,262,484,264,227.7,200.6,83,136,11.4,24.2,627,10,-1.89345123050014,1.06600000915537,0,0,0,0,0,1,1,"ZNE"
"326","330",24,595,367,260,217.2,251.9,78,131,10.7,24.3,802,11,3.2429910523737,0.974042927280821,0,0,0,0,0,1,1,"ZNE"
"327","331",79,678,204,235,224,147,76,140,10.6,22.2,704,12,2.38942825745296,1.7127447691282,1,0,0,1,0,0,0,"BPN"
"328","332",455,279,87,300,219,330,68,133,13.7,21.7,803,23,-3.61925490251837,1.2888748986149,0,0,0,0,0,0,0,"ZSO"
"329","333",207,674,119,95,71.4,87.5,69,133,11.9,25.2,804,14,0.461011696888271,1.55870226291749,0,0,0,0,0,1,1,"BRSJ"
"330","334",252,441,174,251,215,328,65,133,11.9,25.3,874,13,1.36801821949396,1.63840814906254,0,1,0,0,1,1,1,"BRSJ"
"331","335",318,430,194,232,189,307,62,136,11.6,25.2,719,13,-1.87523957059111,0.903846614818424,1,0,0,0,0,1,1,"BRSJ"
"332","336",179,499,227,360,180,148,75,137,10.7,22.3,672,13,3.63474558890413,1.44501751565259,1,0,0,0,0,1,0,"BPN"
"333","337",105,678,200,162,137.7,137.5,80,140,10.6,21.8,674,13,1.75557504215057,1.3534598176056,0,0,0,0,0,1,0,"BPN"
"334","338",321,404,255,112,121.9,85.3,85,134,13.7,25.9,784,14,1.51577842320489,1.49351289050205,0,0,0,0,0,1,0,"ZSO"
"335","339",962,24,12,69,51.1,143.5,74,135,13.7,20.3,880,23,-0.694009128732448,0.600538540449189,0,0,0,0,0,1,0,"ZSO"
"336","340",551,178,109,93,68.5,90,84,125,11.4,20.3,658,14,-2.95819118101498,1.54462331836117,0,0,0,0,0,1,0,"BPN"
"337","341",117,712,160,145,114.2,118.3,79,140,10.5,21.4,771,14,1.3952308699132,1.53631086973639,0,0,0,0,0,1,0,"BPN"
"338","342",333,318,180,500,215,490,66,125,11.2,22.4,602,12,-1.14479370884089,1.26518702509359,0,0,0,0,1,1,0,"BPN"
"339","343",139,509,265,300,211,295,74,139,10.2,24.2,722,11,1.42300746284093,1.42529110909602,1,0,0,0,0,1,0,"ZNE"
"340","344",875,106,19,72,29.3,88.5,59,138,13.5,23.3,869,16,-1.71488315469116,1.19841929001708,1,0,0,0,1,0,1,"ZSO"
"341","345",322.645821997069,409.15010498482,194.290755421062,208.299820208412,147.001235707012,210.040229808124,70.9453404992563,131.486017863289,11.3,19.5,806,18,-2.47110185458503,0.750173199822174,0,0,0,0,0,1,0,"BPN"
"342","346",455,434,110,101,63.3,112.8,68,142,13.5,23.2,835,15,-2.24743322727514,0.579037178031128,0,0,0,0,0,1,0,"ZSO"
"343","347",162,616,199,171,143.7,139.4,80,140,10.6,20.6,769,16,2.6729917092783,1.53520991110198,0,0,0,0,0,1,0,"BPN"
"344","348",389,425,181,139,124.9,149.3,74,133,10.4,24.9,844,11,-2.08019441495295,1.3584111162496,0,0,0,0,0,0,0,"ZNE"
"345","349",450,441,105,145,84.9,141.8,71,139,13.6,23.2,827,16,-2.14393786092252,0.204115954006717,0,0,0,0,0,1,0,"ZSO"
"346","350",111,575,287,250,195,267,69,137,11.6,25,745,14,1.75912760477744,0.931572901470935,1,0,0,0,1,1,1,"BRSJ"
"347","351",252,516,153,149,95.9,140,87,137,15.8,21.7,589,34,-4.13258952413612,1.5942419356528,0,0,1,0,0,0,0,"ZM"
"348","352",672,267,59,89,55.1,81.8,77,135,15.8,21.7,586,34,-2.66200141831962,1.04788679788051,0,0,0,0,0,1,0,"ZM"
"349","353",541,192,159,44,81.7,39.1,85,138,13.9,24,592,38,-2.52019431736009,0.42878063492193,0,0,0,0,0,1,0,"ZM"
"350","354",406,510,84,76,46.9,74.4,62,141,13.3,22.9,925,19,-1.51197640937443,0.752152397094871,1,0,0,0,0,0,0,"ZSO"
"351","355",24,524,447,258,238.5,165.6,71,140,9.8,24.3,826,10,2.8353007162499,0.577179997862998,0,0,1,0,0,1,0,"ZNE"
"352","356",299.620418655147,388.948643831059,217.274373146508,183.259634886326,143.853903691449,171.965125369152,74.8784086510583,134.985278545577,12.4,25.5,808,14,-1.72843515980086,1.58059712330697,0,0,1,0,0,1,1,"MC"
"353","357",191,668,139,224,100.5,233.3,61,122,11.7,18.5,883,26,-0.164486585282306,1.3876015882507,0,0,0,0,0,0,0,"MA"
"354","358",213,585,156,286,238,329,64,121,11.7,16.9,857,30,1.10300144191776,1.41116220318016,0,0,0,0,0,0,0,"MA"
"355","359",625,125,122,110,78.6,113.1,84,139,15.1,25.6,667,37,-2.18108328341343,0.0354790942838633,0,0,0,0,1,0,0,"ZM"
"356","360",569,155,199,98,107.7,72.1,85,138,14.6,25.7,866,34,-2.31219023377957,0.0455307405671799,0,0,0,0,0,1,0,"ZM"
"357","361",453,204,290,179,164.3,175.7,82,138,14.7,26.4,697,33,-1.547436659081,0.714145142012871,0,0,0,0,0,1,0,"ZM"
"358","362",243,446,181,205,180,320,66,138,11.5,25.1,707,13,-1.44634755485688,1.03301562281499,0,0,0,0,1,1,1,"ZNE"
"359","363",327,160,259,136,145.5,146.1,85,140,14.7,26.4,697,33,-1.8248223955224,0.665630192015243,0,0,0,0,0,1,0,"ZM"
"360","364",589,176,90,170,81.3,148.1,81,133,14.6,25.2,713,38,-2.29037058987816,0.633974389233236,1,0,0,0,0,0,1,"ZM"
"361","365",200,541,172,224,182,361,65,132,12,25.4,879,13,0.726392576567473,1.63737438094009,0,1,0,0,0,1,0,"BRSJ"
"362","366",80,718,198,196,130,167.7,75,130,11.2,18.3,695,16,3.32782414043658,1.30370750888721,1,0,0,0,1,1,0,"BPN"
"363","367",543,164,163,104,101,100.6,85,140,15.2,25.6,645,36,-2.16975622486835,0.0296293793813609,0,0,0,0,0,1,0,"ZM"
"364","368",288,104,388,210,188.7,200.7,82,130,13.8,22.9,881,16,-2.40248413161648,0.579327539744609,0,0,0,0,1,0,0,"ZSO"
"365","369",366,386,210,163,131.8,150,81,142,13.6,23.7,804,13,-1.01426729706063,1.88820042709437,0,1,0,0,0,0,0,"ZSO"
"366","370",296,264,387,322,243,298.5,79,135,13.5,21.3,785,23,-0.624815999298689,1.07257742533415,0,1,0,0,0,0,0,"ZSO"
"367","371",26,539,425,161,184,152.4,76,135,13.6,21.4,778,23,0.455345428709974,1.64751606894429,0,1,0,0,0,0,0,"ZSO"
"368","372",92,733,166,150,100.9,129,80,135,11.2,24.1,754,11,1.15607325681329,1.59423104579649,0,0,0,0,0,0,1,"BPS"
"369","373",180,693,119,117,91.8,97.3,78,140,10.4,22.4,696,14,2.99787706395968,1.32587817794615,1,0,0,0,0,1,0,"ZNE"
"370","374",599,319,77,84,62.5,66.3,78,134,11,22.3,681,12,1.05046981034471,1.55131129228963,0,0,0,0,1,1,0,"BPN"
"371","375",91,719,165,300,172,169,72,140,10.7,22.7,649,12,2.38477092212783,1.07074492217286,0,0,0,0,0,1,0,"BPN"
"372","376",252,394,341,165,166.7,130.5,81,136,11.4,24.1,799,11,3.05234540382356,1.22382547757274,0,0,0,0,0,0,1,"BPS"
"373","377",118,719,161,183,92.9,146.6,63,116,11.6,18.4,718,21,0.724855978459763,1.36061450964777,2,1,0,0,1,0,1,"MA"
"374","378",560,294,140,131,101.3,136.5,75,138,10.5,24.5,756,10,-1.08547790971153,1.39114686312273,0,0,0,0,0,0,1,"ZNE"
"375","379",218.511459341129,440.5836337266,235.151297659382,169.386126769516,145.74265247518,146.582464253153,77.7743295288304,137.67081701083,11.3,24.9,683,14,0.0887616380770577,1.48555834584245,0,0,0,0,0,1,1,"ZNE"
"376","380",376,301,289,80,164.1,62,82,135,15.6,23.7,752,40,-2.46939602722375,0.453815633796993,0,0,0,0,1,0,0,"ZM"
"377","381",360,359,281,112,147.3,95.7,71,137,11.6,25,710,13,-1.57043920801889,1.14770687443316,0,0,0,0,1,0,1,"ZNE"
"378","382",59,348,325,154,166.4,142.5,84,134,11.4,24.9,700,15,-3.05764677631192,0.0877495506652204,0,0,0,1,0,0,1,"ZNE"
"379","383",206,535,259,123,162.2,136,71,133,11.5,25,693,15,-2.09497754150351,0.0493309826195081,0,1,0,0,0,0,1,"ZNE"
"380","384",276,471,145,99,78.3,103.1,85,135,15.8,21.8,560,35,-2.44283368248505,1.71588878749068,0,0,0,0,0,1,0,"ZM"
"381","385",473,302,219,73,90.4,74.3,85,138,15.7,22.1,559,33,-2.856674429866,0.899259529650295,0,0,0,0,0,1,0,"ZM"
"382","386",116,659,222,164,154.9,130.4,77,135.630958298239,10.7,21.6,691,12,-2.57163379557905,1.37270307951803,1,0,0,0,0,1,0,"BPN"
"383","387",282,509,209,261,169.8,242.5,62,125,7.8,25.6,908,17,-0.45388372581328,1.44301868514872,0,0,0,0,0,1,0,"MC"
"384","388",348,503,146,185,156.6,194.4,71,125,8.3,25.6,784,17,0.0902005609745355,1.3483330391167,0,0,0,0,0,1,0,"MC"
"385","389",93,790,113,126,85,101.8,72,126,10.9,17.6,659,21,1.88615403223461,1.57264954690397,0,1,0,0,0,0,0,"BPN"
"386","390",176,586,234,143,152.9,113.6,76,138,10.7,21.2,706,13,1.05335473398343,1.56117168882913,0,0,0,0,0,1,0,"BPN"
"387","391",77,745,173,139,115.3,114.1,78,140,10.6,22.1,695,11,2.10002523435522,1.39419122933774,0,0,0,0,0,1,0,"BPN"
"388","392",118,652,230,267,112.2,201,54,135,11.6,21.7,755,19,0.47401024025329,1.43800992246926,1,1,0,0,0,0,0,"MA"
"389","393",385,416,197,242,175.4,253.2,69,127,8.5,25.7,836,16,0.0526934077958506,1.02620244098388,1,0,0,0,0,0,0,"MC"
"390","394",302,433,262,247,181,230.4,71,120,8.8,25.5,909,18,-0.786644394172108,1.24024629263626,0,0,0,0,0,1,0,"MC"
"391","395",99,758,124,138,91.1,117.5,80,140,10.4,21.3,751,15,2.19892276581567,1.26779144647623,1,0,1,0,0,0,0,"BPN"
"392","396",225,432,125,179,105.3,196.8,82,140,10.7,21.4,638,14,1.89213336772785,1.43577555097894,0,0,0,0,0,1,0,"BPN"
"393","397",98,696,189,126,124,104.1,82,140,10.7,21.4,704,12,-1.16708038297441,1.49433889314193,0,0,0,0,0,1,0,"BPN"
"394","398",297,563,139,85,63.1,70.9,68,122,11.4,25.1,950,13,-0.602243899725477,1.49644214610663,0,0,0,0,0,1,0,"BRSJ"
"395","399",61,787,146,222,102,184.8,75,140,9.9,22.3,825,10,-1.23334934905492,0.697641600271127,0,1,0,0,0,0,0,"BPN"
"396","400",94,805,101,115,78.7,95.5,54,120,10.9,18.4,727,19,1.397815007383,1.78429321279424,0,1,0,0,0,0,0,"BPN"
"397","401",97,596,304,125,118.4,93.3,70,127,11.6,25.2,981,11,-0.236237365505057,1.49572796790003,1,0,0,0,0,0,0,"BRSJ"
"398","402",21,363,401,247,212.1,171.2,85,132,11.9,25.3,908,12,-0.750023855115248,1.6730780293924,0,0,0,0,1,0,0,"BRSJ"
"399","403",88,520,277,324,194,411,67,121,11.7,25.4,943,10,-1.94951547824723,1.10164050009947,0,1,0,0,0,0,0,"BRSJ"
"400","404",369,422,202,147,151.4,137.2,80,137,10.7,22,706,11,3.090939550421,1.33301751131765,0,0,0,0,0,1,1,"BPN"
"401","405",114,652,159,316,185,205,71,138,10.6,21.6,745,13,1.27203558885877,1.41906803554154,1,0,1,0,0,0,0,"BPN"
"402","406",48,784,164,198,125.7,150.8,75,140,10,22.4,817,10,-0.438054881106702,0.604021335383689,0,1,0,0,0,0,0,"BPN"
"403","407",58,790,147,197,111.1,170.8,72,140,10.1,22.3,749,10,-0.272585033500839,0.699852108895415,0,1,0,0,0,0,0,"BPN"
"404","408",497,393,105,170,102.3,170,74,140,10.7,21.2,698,13,-0.0806815394551688,1.69458745186912,0,1,0,0,0,0,0,"BPN"
"405","409",134,706,160,163,116.7,134.4,61,132.550608967245,10.7,21.3,700,12,-1.38712447140927,1.74146616076302,0,1,0,0,0,0,0,"BPN"
"406","410",123,732,142,137,102.4,108,76,131,10.7,20.7,734,15,-0.0853082138474028,1.43136261007779,0,1,0,0,0,0,0,"BPN"
"407","411",183,624,146,298,211,317,61,129,10.7,19.8,931,20,0.19443495896353,1.2080380148378,1,0,0,0,1,0,0,"MA"
"408","412",443,434,120,110,85,96.1,76,140,10.9,22.2,630,10,2.68112746680782,1.35006785874557,0,0,1,0,0,1,0,"BPN"
"409","414",186,680,133,99,71.4,83.1,67,133,12,25.3,869,13,2.12880289552341,1.57830237740212,0,0,0,0,0,1,0,"BRSJ"
"410","415",86,423,486,238,315.3,133,79,133,11.9,25.3,896,14,0.663439508534157,1.39470741499864,0,0,0,0,0,1,0,"BRSJ"
"411","416",241,420,183,300,240,241,74,116,10.9,18.2,728,21,3.33486435417328,1.57478375186212,0,0,0,0,0,1,0,"BPN"
"412","417",76,761,160,103,97.6,79.3,76,140,10.4,22.2,687,11,2.15694731572169,1.52080036046771,1,0,0,0,0,0,0,"BPN"
"413","418",118,749,131,116,82.8,99.5,69,140,10.3,19.6,853,18,2.11374668965064,1.24682856611478,0,0,0,0,0,0,1,"BPN"
"414","419",170,714,113,142,90.2,124.4,73,134,10.6,21.7,657,12,1.92156912286066,1.36806155767339,0,0,0,0,1,0,0,"BPN"
"415","420",87,570,285,400,194,364,64,128,11.6,25.1,851,12,2.11374045871332,1.47300318406385,0,0,0,0,0,1,0,"BRSJ"
"416","421",52,760,186,113,99.8,89.2,70,130,11.4,25.2,977,13,-1.38240359886292,1.25815269413015,0,0,0,0,0,1,0,"BRSJ"
"417","422",75,529,390,213,193.4,109.5,77,131,11.4,25.1,961,13,2.50638768507857,1.04604142186652,0,0,0,0,0,1,0,"BRSJ"
"418","423",14,272,667,323,298.6,136.9,79,129,11.6,25.1,854,12,-0.24955321854279,1.23625232217651,0,0,0,0,0,1,0,"BRSJ"
"419","424",79,546,315,290,205,418,62,123,11.3,25.4,1112,9,-1.34968206648407,1.30595253245868,0,0,0,0,1,0,0,"BRSJ"
"420","425",138,658,186,122,92.6,114.8,84,132,11.7,25.2,833,13,0.580192002386768,1.56099472043704,0,0,1,0,0,1,0,"BRSJ"
"421","426",448.81912996788,249.609026861031,196.613968843276,184.593919420093,142.196431455049,200.160837841284,73.8311782935247,132.130783623291,13.9,22.1,792,19,-3.97257028509102,0.39113571912203,0,0,0,0,0,0,1,"ZSO"
"422","427",115,684,198,242,163.7,216.5,76,134,10.6,21.8,670,12,2.59705143790491,1.2316636048129,0,0,0,0,0,0,1,"BPN"
"423","428",55,750,176,147,115.3,122.5,81,140,10.5,21.7,691,13,2.50557821804399,1.62882708963634,0,0,0,0,0,1,0,"BPN"
"424","429",102,720,129,350,211,366,64,131,11,18.1,679,15,3.02563237824233,1.19099961427294,0,0,0,0,0,0,1,"BPN"
"425","430",98,660,226,144,139.4,126.1,79,134,10.6,21.6,639,13,-0.860957285978859,1.49573109445272,0,0,0,0,0,1,0,"BPN"
"426","431",556,150,88,94,53.4,91.8,84,140,14.5,24.3,694,40,-2.42192183828138,0.482509806014827,1,0,0,0,1,0,1,"ZM"
"427","432",551,237,170,94,101,85,84,131,11.9,22.5,619,13,-1.61138697376863,1.71781061279491,1,0,0,0,1,1,1,"BPS"
"428","433",178,697,121,106,83.8,94.2,76,139,10.9,22.4,643,14,1.28483424320687,1.51054577421088,1,0,0,0,0,1,0,"BPN"
"429","434",114,487,340,255,190,256,74,138,9.7,24.2,940,13,0.864345751014849,1.34303427556901,1,0,0,0,0,1,0,"ZNE"
"430","435",120,568,312,215,190,183.2,67,140,10.2,24.4,798,11,-1.0332311454244,0.531700247709783,0,0,0,0,0,0,1,"ZNE"
"431","436",276,320,171,316,218,330,71,135,13.7,23.6,715,18,-0.600216395121045,1.89870556008449,0,0,0,0,0,1,1,"ZSO"
"432","437",288,427,181,243,206,341,76,132,12.8,23.4,852,14,1.13052523166575,1.6255996089585,0,0,0,0,0,0,0,"ZSO"
"433","438",85,763,130,300,214,299,65,140,11.2586242698441,21.5333344439315,828.649664267426,15.8525769332205,1.97280725212183,1.37549233988036,-0.263420744413213,0,0.232582039524711,0,0,0,0,"BPN"
"434","439",367,358,191,175,97.8,153.7,82,138,14,25.9,674,29,-0.0962364902531658,1.93666544738287,0,0,0,0,0,0,0,"ZM"
"435","440",167,204,176,139,84.7,131.4,85,138,14,25.9,621,31,0.459436863997538,1.93831956503834,0,0,0,0,0,0,1,"ZM"
"436","441",184,674,142,163,88.4,143.8,66,113,11.5,12.6,1091,32,-0.485360604621936,1.36400742514559,0,0,0,0,0,1,0,"MA"
"437","442",458,431,110,76,43.3,60.7,75,128,13.9,24,906,16,0.564337165857651,1.88416111384111,0,1,0,0,1,0,0,"ZSO"
"438","443",138,559,303,156,150.5,127.4,59,140,10.3,24.6,816,10,1.16798886876009,1.25190962582566,0,0,0,0,0,0,1,"ZNE"
"439","444",66,710,225,127,104.4,108.5,64,130,9.9,24.7,1153,11,2.04686467530486,1.21529494042379,0,0,0,0,0,1,1,"ZNE"
"440","445",190,687,124,108,73.7,107.2,67,129,11.5984280331184,21.1244852763901,795.395952625514,17.3166280962447,1.94551713162367,1.71009993591216,-0.26366955552316,0,0.206170865940659,0,0,0,0,"BPN"
"441","446",122,158,413,180,199,152.2,84,130,15.2,25.2,657,35,-3.64042149893475,1.07515946379588,0,0,0,0,0,0,0,"ZM"
"442","449",200,182,165,90,93.9,96.3,89,137,15.3,22.3,564,38,-2.70434863703612,0.769172882928723,0,1,0,0,0,0,0,"ZM"
"443","451",94,291,241,168,93.1,154.6,85,136.397192368868,15.3,24.9,665,35,-3.98111173843072,1.4702234398945,0,0,0,0,0,0,0,"ZM"
"444","452",259,535,195,168,185,326,79,143,15.4,24.4,639,37,-4.38729746218323,1.58756908677258,0,0,0,0,0,0,0,"ZM"
"445","453",148,208,174,116,72.6,106.3,85,136.395914098839,15.4,24.5,650,36,-4.59407691812622,1.38266265392346,0,0,0,0,0,0,0,"ZM"
"446","454",705,130,140,158,122.7,141.7,79,138,14.4,25.9,588,38,-2.8522306329305,1.57835187253158,0,1,0,0,0,0,0,"ZM"
"447","455",133,725,124,271,196,290,63,130,10.7,16,865,22,1.70948560586853,1.60227119668057,0,0,0,0,0,0,0,"BPN"
"448","456",601,174,193,79,132.8,95.7,83,130,14.1,25.9,628,34,-1.91317663043126,1.08589831871666,0,0,0,0,0,0,0,"ZM"
"449","457",171,682,148,102,82.1,91.4,58,139,10.7,25.2,843,13,-0.562046058065542,1.41580520162142,1,0,1,0,1,1,0,"ZNE"
"450","458",213,261,521,399,346.6,222.6,71,135,11.2,25.5,767,20,-0.68450982636955,1.23824976565511,0,0,1,0,1,0,0,"ZNE"
"451","459",315,275,266,183,198.3,172.7,84,132,10.9,22.1,662,13,0.479815449053676,1.53142829029752,1,0,0,0,1,1,1,"BPN"
"452","460",28,744,186,206,123,182.5,82,136,11,25.7,1076,12,-0.123022309336971,1.20101050090063,1,1,0,0,0,0,1,"ZNE"
"453","461",135,345,290,164,139.5,141.3,82,134,10.9,25.5,841,12,-2.98507201916011,0.672164649494629,0,0,0,1,0,1,0,"ZNE"
"454","462",509,194,184,184,98.5,159.7,81,135,11.3,25.7,712,23,-2.11557590632203,1.4235234744022,1,0,0,0,1,1,0,"ZNE"
"455","463",493,392,115,161,87.8,147.3,64,136,13.7,27.1,903,26,-0.315101834662397,1.60223205083599,1,0,0,0,0,0,1,"ZM"
"456","464",191,702,107,93,60.1,85.8,62,133,12.1,26.1,991,16,1.52271862463207,1.52043456545542,1,1,0,0,0,1,1,"BRSJ"
"457","465",111,551,161,124,93.7,121.3,81,133,11,25.4,746,20,-0.972016111486199,1.43496948567982,0,0,0,0,1,1,1,"ZNE"
"458","466",282,506,135,212,178,323,63,133,12.1,26,947,16,-0.358674892086518,1.65181803613892,0,0,0,0,0,0,0,"BRSJ"
"459","467",477,397,125,244,93.9,236.1,58,138,12,26.8,888,21,-0.308460851871685,1.58980621368385,1,0,0,0,0,1,1,"BRSJ"
"460","468",418,340,237,191,180.8,190.8,84,134,10.8,22.1,610,11,1.38646433155458,1.24834086705211,1,0,0,0,0,1,1,"BPN"
"461","469",98,762,129,385,211,290,66,131,11.2869221953952,20.6614758644449,851.421505858046,17.3540692991568,2.12086578438737,1.56364382015325,-0.259734019843884,0,0.289548261423593,0,0,0,0,"BPN"
"462","470",181,651,169,117,79.7,98.9,56,140,13.7,25.3,695,14,-0.115585195548917,1.73324469308141,0,0,1,0,0,0,0,"ZSO"
"463","471",129,603,195,246,198,307,70,137,11.7,25,774,14,1.32362973300189,1.5152909887906,0,1,0,0,0,0,0,"BRSJ"
"464","472",627,220,150,111,104.3,153.6,70,140,13.7,25.2,677,15,-1.0217232798406,1.83150253128683,0,0,0,0,0,0,1,"ZSO"
"465","473",498,303,196,101,108.6,75.9,79,133,14,25.2,688,15,-0.35825339116001,1.90637658889266,0,0,0,0,0,1,1,"ZSO"
"466","474",191,639,160,123,71,105.8,81,144,13.4,25.4,743,15,0.934469529397012,1.49998984610989,0,0,0,0,1,0,1,"ZSO"
"467","475",135,670,195,146,104.2,123.6,59,127,10.1,24.9,1089,12,0.534016039903096,1.36027830526999,0,1,0,0,0,0,1,"ZNE"
"468","476",154,417,423,234,209.8,141.6,71,132,10.2,24.4,803,12,-0.840775263191184,0.8201498748652,0,0,1,0,0,1,0,"ZNE"
"469","477",324,285,333,119,203,94.2,81,138,13.4,25.2,708,15,0.794725901827792,1.58432076659378,0,0,0,0,0,1,1,"ZSO"
"470","478",175,558,180,270,177,290,70,140,11.1,18.5,650,16,2.89339976485028,1.43105285038214,0,0,0,0,0,0,1,"BPN"
"471","479",11,33,213,163,127.7,168.6,83,137,12.9,25.2,901,15,0.186169136380589,1.6719258375228,0,0,0,0,0,1,1,"ZSO"
"472","480",223,592,186,98,91.6,83.2,68,139,13.7,25.3,664,15,0.771790905102261,1.87935995834463,0,1,0,0,0,0,1,"ZSO"
"473","481",267,555,179,124,83.2,121.2,67,138,13.5,25.3,851,13,-0.19892741803654,1.77233794828702,0,0,0,0,0,0,1,"ZSO"
"474","482",115,693,155,370,227,290,68,140,10.5,21.1,742,15,0.664679501216825,0.97016790891428,0,0,0,0,1,0,1,"BPN"
"475","483",343,419,130,279,215,304,65,123,12.2,20.5,783,24,-2.36483872128124,0.641424223121108,1,1,0,0,0,1,0,"MA"
"476","484",390,329,148,335,198,360,64,130,11,25.1,882,14,-2.21913245879818,0.840160792975733,0,1,0,0,1,1,1,"BRSJ"
"477","485",48,351,497,210,268.6,149.8,81,139,13.5,24.2,819,13,0.0467010705170264,1.64977532041834,0,0,1,0,0,0,0,"ZSO"
"478","486",280,425,295,478,178,444.3,68,131,11.4,24.9,1266,15,-0.766405746717551,0.521337795739609,0,0,1,0,0,0,0,"MC"
"479","487",327,239,298,349,182.8,209.3,84,137,11.8,23.7,742,10,2.56049599762938,1.48245868863234,0,0,0,0,0,1,0,"BPS"
"480","488",78,350,477,238,230.8,220.6,82,133,11.3,24.1,693,10,-1.32111430462895,1.2185729293382,0,0,0,1,0,0,1,"ZNE"
"481","489",105,180,327,168,129.5,167,84,140,11.2,24.1,733,10,-1.62389346290178,1.66079341138431,0,0,0,0,0,1,1,"ZNE"
"482","490",409,308,179,512,208,420,58,133,12.7,23.5,872,17,-0.789289800993747,1.56633159920842,0,0,0,0,0,0,0,"ZSO"
"483","491",677,188,130,108,89.5,95,76,140,10.5,24.4,680,11,-2.56356629244736,1.57888258072157,0,0,0,0,0,1,0,"ZNE"
"484","492",98,762,129,385,211,290,66,131,11.2845548422565,20.6596588291764,851.325189475645,17.3438016886724,2.1331287308883,1.56508667870194,-0.260118742844766,0,0.28950636946591,0,0,0,0,"BPN"
"485","493",372,376,149,300,216,325,71,138,13.2,23.6,838,14,-0.791814780305431,1.56079548177864,0,0,0,0,0,0,0,"ZSO"
"486","494",327,273,187,62,89.6,48.9,84,136,13.8,23.8,734,36,-2.89624720848235,0.563099924052467,0,0,0,0,0,1,0,"ZM"
"487","495",74,432,470,320,276.5,181.7,80,140,9.8,24.3,876,10,3.48053651168827,1.12820844157245,0,0,0,0,0,1,0,"ZNE"
"488","496",48,576,376,217,180.6,151.4,64,138,10.2,24.5,795,10,2.46750111702128,1.09492345631045,0,0,0,0,0,1,1,"ZNE"
"489","497",317,414,114,305,212,360,72,135,13.8,23.8,818,16,-1.42149288563854,2.05608020691816,0,1,0,0,1,1,1,"ZSO"
"490","498",259,370,191,300,202,325,75,137,13,23.4,765,11,-0.975792744218458,1.54936639488797,0,0,0,0,0,0,0,"ZSO"
"491","499",140,544,256,200,168,267,72,140,9.8,24.1,1071,14,1.78164071012564,1.27039210775461,1,0,0,0,0,0,1,"ZNE"
"492","500",261,503,226,93,109.9,87.6,81,140,13.3,23.3,848,15,-2.20153756116163,0.233084176059934,0,1,0,0,0,0,0,"ZSO"
"493","501",18,381,601,304,281.9,146.2,65,140,10.4,24.7,735,10,1.49247393870867,1.59680087279948,1,1,0,0,0,0,0,"ZNE"
"494","502",354,488,158,94,64.3,71,58,138,13.7,25.3,675,14,-0.603248507140702,1.91922746900699,0,2,0,0,1,0,0,"ZSO"
"495","503",170,337,282,158,146.6,139.9,83,133,11,23.3,543,11,-1.07105166209979,1.62699307861453,0,0,0,0,1,1,0,"ZNE"
"496","504",379,323,279,193,198.3,189.6,87,140,10.7,22,662,11,2.68399849436045,1.49954318381323,0,0,1,0,1,1,1,"BPN"
"497","505",342,484,170,125,120.4,120.9,83,140,10.7,22,682,11,2.60402510291308,1.50015904924978,0,0,1,0,0,1,1,"BPN"
"498","506",152,458,267,151,147.1,150.1,82,130,10.8,25.4,692,17,-2.15590141919245,1.3944381323471,0,0,0,0,1,1,0,"ZNE"
"499","507",99,578,314,221,124.8,198.4,70,132,12,22.8,863,24,-2.27858589325067,1.36914746195889,1,1,0,0,1,1,0,"ZSO"
"500","508",21,216,162,204,109.5,190,82,140,10.5,23.8,790,10,2.29223863251126,1.54034729221637,2,0,0,0,0,1,0,"ZNE"
"501","509",568,346,82,116,77,114.7,70,125,10.6,25.4,729,15,-2.76931563084622,0.0923138205534347,0,1,0,0,1,0,1,"ZNE"
"502","510",58,432,367,692,284.2,706.1,77,140,10,24.3,1021,12,-0.0721626176229664,1.27179050056888,0,0,0,0,1,1,1,"ZNE"
"503","511",65,719,209,123,119.2,110.6,81,140,10.9,22.2,628,10,2.2241289530591,1.25108579982371,0,0,0,0,0,1,0,"BPN"
"504","512",66,776,155,98,92.5,87.7,82,140,10.7,22.8,666,9,2.41686516862781,1.0737190666717,0,0,2,0,0,1,1,"BPS"
"505","513",55,752,191,118,126.8,101.8,71,140,10.8,23.1,658,13,1.11742744077089,1.6198561549715,1,0,1,0,1,1,1,"ZNE"
"506","514",771,165,61,68,67.5,77.2,76,132,10.2,25.3,787,12,-2.44069562693725,0.154337429737966,0,1,0,0,0,1,1,"ZNE"
"507","515",135,540,185,205,202,267,70,138,10.4,25.2,770,14,0.527123351533123,1.24570554527774,0,0,0,0,1,1,0,"ZNE"
"508","516",88,723,187,122,114.7,114.2,76,140,10.8,22.9,620,8,1.11792969091026,1.28735333976988,1,0,0,0,0,1,1,"BPS"
"509","517",22,679,234,238,152,203.8,79,135,10.9,25.3,751,17,-0.0342560396386985,1.27297683418844,0,1,0,0,1,1,1,"ZNE"
"510","518",244,511,239,106,128,94.1,72,131,11.2,25.6,756,13,-0.960749657577253,1.56371629068749,1,0,0,0,1,0,1,"ZNE"
"511","519",269,495,230,165,142.7,147,76,136,10.5,25.1,806,11,-1.3296255251368,1.05377084903106,0,0,1,0,1,1,0,"ZNE"
"512","520",31,285,152,193,112,182.6,81,140,10.7,23.2,748,9,1.89886332210466,1.47589220156708,0,0,0,0,0,1,1,"ZNE"
"513","521",248,504,247,155,121.2,142.9,65,137,11.7,22.3,671,19,-0.694757123585714,1.37663198252262,2,1,0,0,0,1,1,"BPS"
"514","522",111,177,333,268,193,268.9,82,140,12,22.9,667,14,1.3528650630115,1.56566354144481,0,0,0,0,0,1,1,"BPS"
"515","523",133,553,239,251,180,172,74,140,10.2,23,741,13,3.37243905433253,1.41067408469653,0,0,0,0,0,0,1,"ZNE"
"516","524",327,328,182,192,184,291,74,130,17,19.1,727,46,-1.11614026666208,1.5995850559706,0,0,0,0,0,1,1,"C"
"517","525",328,333,218,200,238,372,71,128,16.8,18.3,689,46,-2.610878980168,1.48694802769901,0,0,0,0,0,1,1,"C"
"518","526",10,128,189,198,119,164.6,83,140,11.1,24,636,11,2.16430947475147,1.77110625236176,0,0,0,0,0,0,0,"ZNE"
"519","527",175,709,117,123,73.2,104.1,63,131,10.6,17.9,820,22,0.714343404512547,1.53928619517235,0,0,0,0,0,0,0,"BPN"
"520","528",164,700,132,155,92.3,145.8,71,123,10.5,17.8,837,21,3.4359765253962,1.67610783867114,0,0,0,0,0,0,0,"BPN"
"521","529",172,695,132,145,79.2,138.6,66,134,10.6,17.8,846,21,2.52908952912353,1.7016792406927,0,0,0,0,0,0,0,"BPN"
"522","532",65,734,198,172,122.3,153.3,69,136,10.6,21.2,693,15,0.70844225,1.7596375,0,0,0,0,0,0,0,"BPN"
"523","533",349,480,170,248,109.4,179.7,63,135,10.7,21.3,666,19,-1.111237,1.3442595,0,0,0,0,0,0,0,"MA"
"524","534",123,733,140,124,101.1,113.4,79,140,10.5,21.6,747,13,0.95801995,1.5938865,0,0,0,0,0,0,0,"BPN"
"525","535",81,728,191,125,111.1,120.2,67,137,10.7,21.5,683,11,3.08393,1.4016185,0,0,0,0,0,0,0,"BPN"
"526","536",579,154,90,200,237,211,65,135,12.1,22.7,625,15,-1.80226809522315,1.17531590751917,2,0,0,0,0,1,0,"BPS"
"527","537",150,647,190,127,115.9,110,80,140,10.2,21.4,763,14,2.8722225,1.685014,0,0,0,0,0,0,0,"BPN"
"528","538",86,714,194,151,125.1,132,77,140,10.1,21.4,768,14,1.548677,1.927739,0,0,0,0,0,0,0,"BPN"
"529","539",272,383,250,293,194,360,70,140,13.1,23.7,888,11,-2.03409903707722,0.6932237354453,0,0,0,0,0,0,0,"ZSO"
"530","540",262,357,228,208,127.1,176.2,84,133,11.3,18.5,727,15,0.4903239,1.119631,0,0,0,0,0,0,1,"BPN"
"531","541",209,626,166,187,101.1,183.3,62,123,11.2,16.7,922,20,-1.001176,1.026362,0,0,0,0,0,0,0,"MA"
"532","542",504,237,242,262,194.6,219.4,79,133,12.9700817470053,23.2973852796324,794.83820162606,21.9916761443637,1.118552,1.361325,0,0,0,0,0,0,0,"ZNE"
"533","543",164,436,272,222,211,291,69,133,11.3,25.6,807,17,-1.056465,1.669519,0,0,0,0,0,0,0,"ZNE"
"534","544",66,485,431,235,222.2,124.4,79,136,12.068171047524,23.9847678977036,760.431536529228,16.4069720431539,0.1937681,1.397699,0,0,0,0,0,0,0,"ZNE"
"535","545",547,320,127,223,132.5,217.3,81,135.61235519547,11.8,23,679,13,2.128516,1.791479,0.0303264235600621,0,0.109269322178266,0,0,0,0,"BPS"
"536","547",200,585,183,286,211,320,63,129,11.6,17.3,677,19,0.4125845,1.468719,0,0,0,0,0,0,0,"MA"
